datetime,open,high,low,close,volume
2021-01-29,109.34,109.34,107.13,107.18,288438
2021-01-28,113.16,114.84,110.11,110.48,1085009
2021-01-27,109.95,113.68,108.17,112.15,855400
2021-01-26,112.77,113.54,110.52,111.26,551700
2021-01-25,112.8,112.92,111.12,112.09,546168
2021-01-22,114.25,114.46,112.27,113.61,582000
2021-01-21,114.17,116.0,113.75,115.04,928100
2021-01-20,115.05,115.07,113.17,114.19,718300
2021-01-19,114.93,116.43,114.61,114.71,362041
2021-01-15,115.3,115.55,113.06,114.41,504300
2021-01-14,117.36,117.69,115.7,116.28,556600
2021-01-13,119.43,120.03,116.97,117.01,435600
2021-01-12,120.27,121.3,119.27,119.88,684500
2021-01-11,118.51,120.99,118.41,120.33,472674
2021-01-08,120.35,121.33,118.09,119.98,530100
2021-01-07,118.46,121.01,117.81,120.4,839500
2021-01-06,115.81,120.3,115.81,117.31,942800
2021-01-05,114.15,115.89,113.8,114.7,686400
2021-01-04,116.42,116.8,113.71,114.48,737449
2020-12-31,115.21,116.65,114.04,116.38,375900
2020-12-30,113.47,115.25,113.43,114.94,390300
2020-12-29,115.19,115.19,112.69,113.54,324000
2020-12-28,113.49,115.45,113.49,114.52,376474
2020-12-24,113.04,113.22,112.16,113.03,138800
2020-12-23,112.78,113.44,111.7,112.76,564900
2020-12-22,112.6,113.96,112.09,112.39,479900
2020-12-21,111.75,113.62,110.83,112.79,572326
2020-12-18,113.13,114.37,112.585,113.75,527535
2020-12-17,112.05,112.89,111.08,112.83,530962
2020-12-16,111.73,112.17,110.75,111.2,674700
2020-12-15,110.42,112.585,109.62,111.76,453481
2020-12-14,110.16,110.94,108.82,109.69,807235
2020-12-11,109.825,110.48,108.86,109.58,426618
2020-12-10,110.52,112.52,108.97,110.65,674700
2020-12-09,113.87,115.35,111.14,111.36,1154200
2020-12-08,111.79,113.57,110.07,113.09,565190
2020-12-07,114.72,114.72,111.8401,112.21,543777
2020-12-04,114.475,116.03,113.87,114.55,723677
2020-12-03,113.98,115.35,113.5,113.77,575600
2020-12-02,114.38,115.97,112.54,113.54,553900
2020-12-01,115.89,116.55,114.75,115.0,734500
2020-11-30,113.8,114.15,112.6,114.04,862378
2020-11-27,115.61,116.99,114.11,114.28,326500
2020-11-25,116.7,116.7,113.76,115.21,547300
2020-11-24,115.93,117.71,114.85,116.79,668500
2020-11-23,113.82,114.77,112.695,114.16,719662
2020-11-20,113.95,114.67,111.95,113.0,490100
2020-11-19,113.9,114.66,111.87,114.13,584100
2020-11-18,115.85,116.36,114.51,114.57,585043
2020-11-17,116.88,117.13,114.36,115.46,813300
2020-11-16,116.45,118.38,115.565,118.26,541338
2020-11-13,111.09,114.93,111.09,113.99,545740
2020-11-12,111.62,111.62,108.35,110.15,906000
2020-11-11,118.34,118.34,111.39,112.36,980600
2020-11-10,112.58,116.57,111.33,115.15,971000
2020-11-09,106.25,114.74,105.45,111.87,1131782
2020-11-06,104.0,104.75,102.47,102.83,749700
2020-11-05,102.86,104.72,102.86,104.13,741000
2020-11-04,104.27,104.91,101.24,101.55,814000
2020-11-03,102.81,104.66,102.19,104.08,726100
2020-11-02,99.89,101.79,99.6,101.51,811321
2020-10-30,97.11,98.57,95.8,98.5,912200
2020-10-29,95.78,98.87,95.67,98.11,776500
2020-10-28,96.98,98.97,96.08,96.36,994100
2020-10-27,100.785,100.97,99.01,99.26,581752
2020-10-26,101.61,102.13,99.9,100.84,574783
2020-10-23,103.395,104.01,101.74,102.87,674801
2020-10-22,105.0,105.5,99.83,101.97,1536900
2020-10-21,105.16,107.11,103.16,103.9,1155400
2020-10-20,105.08,107.61,104.69,105.3,576800
2020-10-19,105.15,105.84,103.75,103.93,517677
2020-10-16,105.23,106.27,104.93,104.99,386500
2020-10-15,102.95,104.84,102.94,104.82,357200
2020-10-14,106.03,106.03,103.959,104.52,385476
2020-10-13,107.0,107.19,104.82,105.05,599922
2020-10-12,104.68,108.09,104.68,107.76,554019
2020-10-09,104.3,105.375,103.91,104.0,338254
2020-10-08,102.47,103.77,102.05,103.69,438909
2020-10-07,101.72,102.4,100.72,101.56,684100
2020-10-06,101.01,102.76,100.44,100.86,669600
2020-10-05,99.89,101.22,99.54,100.8,957774
2020-10-02,97.06,99.69,96.32,98.82,1523922
2020-10-01,99.87,101.65,98.17,98.5,732579
2020-09-30,99.94,101.72,97.9,98.91,1442800
2020-09-29,99.27,100.44,98.575,99.17,404000
2020-09-28,98.94,100.72,98.455,99.21,606224
2020-09-25,95.71,98.07,94.65,97.22,484247
2020-09-24,94.87,96.62,94.01,95.58,601414
2020-09-23,99.13,99.195,95.07,95.38,666431
2020-09-22,98.03,98.89,96.31,98.22,668532
2020-09-21,101.475,101.475,95.73,97.83,772136
2020-09-18,104.01,105.67,102.81,103.23,996087
2020-09-17,102.53,105.43,101.875,104.08,984860
2020-09-16,101.475,105.16,101.22,103.86,687285
2020-09-15,100.06,101.17,99.14,100.91,607393
2020-09-14,99.15,99.4,98.01,99.14,515376
2020-09-11,97.7,98.88,97.31,97.93,578617
2020-09-10,99.0,99.35,96.62,97.01,461523
2020-09-09,98.79,100.04,98.53,98.69,504976
2020-09-08,98.4736,99.21,97.47,98.02,679173
2020-09-04,101.43,102.0222,99.04,99.65,494688
2020-09-03,105.04,105.11,99.85,100.45,464718
2020-09-02,102.51,105.42,102.0,104.81,484775
2020-09-01,102.97,102.98,101.1,102.1,523960
2020-08-31,103.665,104.39,103.26,103.41,639477
2020-08-28,103.485,104.87,102.42,104.0,497052
2020-08-27,102.79,103.9,102.53,103.25,518764
2020-08-26,101.96,103.05,101.41,102.49,387442
2020-08-25,103.3,103.64,100.76,102.08,481696
2020-08-24,100.75,102.99,100.57,102.99,448859
2020-08-21,99.26,100.56,99.26,100.27,488567
2020-08-20,99.66,100.17,98.835,99.34,327878
2020-08-19,100.3,101.27,99.5,100.65,509460
2020-08-18,101.9,102.83,100.42,100.59,877368
2020-08-17,101.34,102.875,101.0,102.27,569794
2020-08-14,101.86,102.86,101.09,101.57,418154
2020-08-13,103.561,104.68,102.36,102.65,380293
2020-08-12,105.005,105.01,103.525,104.16,321990
2020-08-11,103.39,106.21,102.64,104.12,678114
2020-08-10,100.25,102.39,100.18,102.32,384027
2020-08-07,99.16,100.11,98.63,100.11,616893
2020-08-06,99.75,100.4725,98.22,99.2,756824
2020-08-05,99.98,101.025,99.68,100.44,624405
2020-08-04,100.055,100.055,98.28,99.4,601054
2020-08-03,100.085,100.905,99.005,100.455,580606
2020-07-31,97.63,99.51,96.54,99.46,711346
2020-07-30,98.17,98.17,95.465,97.59,638817
2020-07-29,98.49,99.64,97.805,98.23,499586
2020-07-28,100.8,101.18,98.47,98.49,602406
2020-07-27,100.95,102.08,100.59,101.39,632348
2020-07-24,102.53,103.28,100.395,101.0,783497
2020-07-23,108.88,110.0,102.35,102.56,1481867
2020-07-22,109.745,112.39,109.745,111.59,950830
2020-07-21,108.99,110.175,108.43,109.82,699480
2020-07-20,106.735,108.525,106.66,107.53,557378
2020-07-17,107.5,107.5,104.92,106.8,456450
2020-07-16,106.63,107.92,106.14,107.41,179388
2020-07-15,105.91,107.78,105.54,106.77,113308
2020-07-14,101.54,104.19,101.15,104.04,116680
2020-07-13,101.91,103.54,101.5,101.71,95855
2020-07-10,100.3575,101.74,99.51,101.54,119684
2020-07-09,102.86,103.18,100.06,100.52,97118
2020-07-08,102.5,103.47,101.73,102.46,173475
2020-07-07,103.12,103.745,102.01,102.05,128643
2020-07-06,104.28,105.01,103.44,103.97,78987
2020-07-02,103.74,104.6,102.3,102.39,119005
2020-07-01,102.28,103.36,101.03,101.89,725482
2020-06-30,99.39,102.74,99.39,102.22,805900
2020-06-29,98.13,99.81,97.0,99.79,506101
2020-06-26,97.7,98.52,96.34,97.05,837500
2020-06-25,96.99,98.24,95.08,97.97,219687
2020-06-24,102.64,102.64,97.71,97.86,179252
2020-06-23,102.72,104.91,102.46,102.64,129371
2020-06-22,102.73,102.83,100.41,102.72,165373
2020-06-19,104.68,104.85,101.95,102.73,178456
2020-06-18,104.3,105.26,102.18,102.95,155221
2020-06-17,104.52,106.03,103.64,104.26,102988
2020-06-16,102.61,106.81,102.06,104.58,122802
2020-06-15,102.41,103.2,98.52,102.66,131638
2020-06-12,101.52,104.91,99.37,102.4,197968
2020-06-11,108.99,108.99,101.38,101.58,196310
2020-06-10,112.21,112.42,108.76,109.01,233314
2020-06-09,115.51,115.51,111.845,112.29,163635
2020-06-08,115.41,116.7,114.33,115.55,154877
2020-06-05,109.84,117.49,109.29,115.35,1535500
2020-06-04,103.81,106.24,103.21,106.09,774900
2020-06-03,100.89,105.39,100.6,105.04,714800
2020-06-02,101.37,101.99,99.36,100.01,664100
2020-06-01,100.38,102.01,99.43,100.65,480400
2020-05-29,98.82,100.18,97.85,99.7,917200
2020-05-28,100.64,101.59,98.39,99.91,645400
2020-05-27,99.6,100.41,97.68,99.03,853600
2020-05-26,96.96,98.55,96.36,97.64,746100
2020-05-22,94.37,94.6,92.92,94.29,497600
2020-05-21,93.97,95.52,93.52,94.0,972800
2020-05-20,95.76,97.84,95.38,97.34,814700
2020-05-19,95.57,97.46,94.11,94.25,712900
2020-05-18,96.22,97.71,95.75,95.88,726800
2020-05-15,92.78,94.48,92.04,92.94,766100
2020-05-14,92.36,93.62,89.83,93.57,1442700
2020-05-13,98.7,99.85,92.76,93.66,908700
2020-05-12,102.19,103.56,99.67,99.72,538700
2020-05-11,101.59,102.69,100.02,101.68,530400
2020-05-08,101.94,103.79,101.52,102.27,409900
2020-05-07,99.14,101.21,99.14,100.14,908800
2020-05-06,97.55,99.61,96.8,97.99,838900
2020-05-05,95.57,97.91,94.89,96.74,751900
2020-05-04,96.38,96.38,94.4,94.76,666600
2020-05-01,98.92,99.92,96.78,97.48,705900
2020-04-30,100.85,101.58,98.61,100.54,1215200
2020-04-29,104.33,104.6,101.67,102.36,810200
2020-04-28,101.03,103.03,100.64,101.62,564400
2020-04-27,97.57,99.57,97.41,99.07,717700
2020-04-24,94.76,96.79,93.37,96.57,691500
2020-04-23,94.58,98.29,92.12,95.13,1311100
2020-04-22,92.33,93.16,91.1,92.97,699900
2020-04-21,92.23,92.96,90.26,90.76,603300
2020-04-20,95.64,96.31,93.32,93.95,571500
2020-04-17,96.37,98.25,94.92,97.63,767500
2020-04-16,94.37,95.47,92.15,93.98,754900
2020-04-15,96.38,96.87,93.05,94.46,623600
2020-04-14,97.75,99.11,96.88,97.92,615100
2020-04-13,94.88,96.55,92.3,95.77,816500
2020-04-09,94.72,97.81,94.16,95.36,816700
2020-04-08,91.71,96.39,90.88,94.65,856100
2020-04-07,98.06,98.84,91.6,92.75,1064500
2020-04-06,87.39,95.13,87.08,94.49,843300
2020-04-03,84.02,85.87,82.2,84.04,830700
2020-04-02,84.16,87.0,82.62,84.42,1059200
2020-04-01,88.55,88.55,82.9,84.59,1061000
2020-03-31,93.77,95.63,91.18,92.02,1142700
2020-03-30,92.24,95.74,91.0,95.01,849700
2020-03-27,95.71,96.4,90.56,91.62,764300
2020-03-26,89.38,97.43,89.38,96.78,745400
2020-03-25,84.76,92.17,82.64,89.45,830700
2020-03-24,80.79,87.12,80.05,84.92,948200
2020-03-23,82.27,83.6,77.37,78.6,1262400
2020-03-20,96.29,96.46,81.61,82.84,1202700
2020-03-19,95.72,99.48,92.95,94.16,1280900
2020-03-18,95.31,101.44,82.59,96.68,1547200
2020-03-17,99.56,106.43,97.06,102.6,1290300
2020-03-16,99.52,104.44,94.64,97.71,1040000
2020-03-13,109.21,112.65,104.26,111.81,1081300
2020-03-12,108.39,112.07,103.1,103.39,1598800
2020-03-11,115.93,116.63,113.51,114.78,1220100
2020-03-10,117.55,118.66,110.64,118.39,1277700
2020-03-09,112.27,120.01,102.12,115.0,1126900
2020-03-06,119.38,120.28,115.53,119.8,970100
2020-03-05,122.26,124.72,121.46,122.65,961500
2020-03-04,121.67,124.48,120.66,124.35,772600
2020-03-03,120.76,124.5,118.23,119.34,848900
2020-03-02,115.36,120.86,114.73,120.86,912700
2020-02-28,114.87,116.7,111.96,114.99,1246500
2020-02-27,121.7,124.28,118.11,118.18,1206900
2020-02-26,124.63,125.78,122.26,123.66,809900
2020-02-25,127.42,127.68,123.8,124.0,782900
2020-02-24,125.27,127.89,125.0,126.95,677100
2020-02-21,129.23,129.24001,127.35,128.58,638700
2020-02-20,128.77,131.96001,126.69,129.85001,1245900
2020-02-19,133.97,134.69,130.39,131.16,766700
2020-02-18,132.94,134.64,130.61,134.36,1034900
2020-02-14,136.75,139.24001,136.62,138.89999,748100
2020-02-13,136.52,137.64,136.22,136.83,808800
2020-02-12,137.78999,138.72,136.8,138.57001,604300
2020-02-11,136.83,138.02,135.84,137.89,460600
2020-02-10,133.72,136.39999,133.72,136.38,631300
2020-02-07,132.37,134.89,132.02,134.03999,782600
2020-02-06,133.64,133.73,131.63,132.41,649900
2020-02-05,136.57001,137.05,132.88,133.28,765000
2020-02-04,133.8,135.45,133.62,135.25,641000
2020-02-03,130.05,133.02,129.94,132.17999,722300
2020-01-31,130.47,131.28,128.7,129.32001,607400
2020-01-30,130.0,131.25999,129.38,130.66,524200
2020-01-29,130.0,131.71001,129.22,130.82001,555200
2020-01-28,128.22,129.67,127.55,129.44,380800
2020-01-27,126.56,128.58,126.41,127.67,675300
2020-01-24,130.0,130.58,127.81,128.0,682100
2020-01-23,128.92,129.95,128.57001,129.8,729200
2020-01-22,127.61,129.89999,127.54,129.45,786300
2020-01-21,127.7,128.14,126.65,127.14,669000
2020-01-17,128.94,129.95,127.69,128.05,975700
2020-01-16,126.13,128.57001,126.04,128.50999,784700
2020-01-15,124.83,125.73,123.84,125.32,884100
2020-01-14,124.46,125.5,123.89,124.72,703100
2020-01-13,124.0,124.66,122.37,124.65,945600
2020-01-10,123.21,123.88,122.54,123.43,525300
2020-01-09,123.15,123.72,122.22,122.87,458500
2020-01-08,122.25,123.54,121.85,122.65,938700
2020-01-07,123.3,123.56,122.06,122.13,588400
2020-01-06,122.16,123.63,120.88,123.61,627400
2020-01-03,123.83,124.9,122.83,123.84,480500
2020-01-02,124.79,125.39,123.45,125.39,572400
2019-12-31,124.06,124.71,123.86,124.54,278900
2019-12-30,124.5,124.78,123.49,124.12,304100
2019-12-27,124.87,125.03,124.23,124.59,219500
2019-12-26,123.92,124.67,123.53,124.64,229100
2019-12-24,123.39,124.25,123.12,123.87,179500
2019-12-23,124.42,124.42,123.04,123.42,458000
2019-12-20,124.57,125.13,124.1,124.2,1065200
2019-12-19,123.53,124.08,122.15,123.68,516000
2019-12-18,123.53,124.1,122.18,123.61,484700
2019-12-17,121.68,123.6,121.33,123.53,717200
2019-12-16,123.35,123.53,121.44,121.66,726400
2019-12-13,124.33,124.33,122.35,123.01,557100
2019-12-12,123.93,125.63,123.75,124.47,978100
2019-12-11,123.97,125.75,123.77,125.69,566600
2019-12-10,124.17,124.57,123.71,124.09,1142100
2019-12-09,122.49,124.17,122.11,124.09,726600
2019-12-06,123.36,123.81,122.62,122.99,512400
2019-12-05,121.8,122.41,121.67,122.3,602300
2019-12-04,121.0,122.83,121.0,121.79,714800
2019-12-03,119.25,120.29,119.23,120.18,529700
2019-12-02,120.22,120.71,119.66,120.36,602100
2019-11-29,121.24,121.56,119.79,120.03,316000
2019-11-27,122.01,122.37,121.1,121.56,463900
2019-11-26,119.92,122.29,119.87,122.16,672400
2019-11-25,118.99,120.04,117.6,119.81,562300
2019-11-22,118.36,119.51,117.68,119.05,583200
2019-11-21,117.3,119.02,116.4,118.52,717000
2019-11-20,119.03,119.41,117.32,117.5,887300
2019-11-19,118.44,119.39,117.71,119.21,668200
2019-11-18,118.98,119.56,118.1,118.41,419500
2019-11-15,118.07,119.27,117.95,119.12,677500
2019-11-14,116.98,117.56,116.51,117.19,404700
2019-11-13,114.07,116.91,113.96,116.72,580100
2019-11-12,115.35,115.61,114.19,114.7,530700
2019-11-11,115.05,116.35,115.05,115.66,388100
2019-11-08,115.41,115.9,114.8,115.65,991800
2019-11-07,117.24,117.48,114.73,115.27,528600
2019-11-06,116.67,116.86,116.05,116.58,790900
2019-11-05,118.06,118.52,116.61,117.1,593300
2019-11-04,118.54,119.4,117.44,118.13,485200
2019-11-01,117.1,118.54,117.0,118.19,554800
2019-10-31,116.39,117.02,115.35,116.04,595200
2019-10-30,115.22,117.15,115.15,116.51,670700
2019-10-29,114.87,115.65,114.24,115.43,737700
2019-10-28,113.73,116.55,113.73,115.32,807400
2019-10-25,114.05,115.98,112.83,113.33,1025500
2019-10-24,108.8,114.11,108.15,113.66,2049900
2019-10-23,105.07,105.84,104.18,104.37,808300
2019-10-22,105.37,106.09,104.52,105.25,549200
2019-10-21,104.57,105.5,104.35,105.03,566200
2019-10-18,103.67,104.82,103.67,103.95,608000
2019-10-17,103.78,104.61,102.96,104.13,511100
2019-10-16,101.77,103.45,101.57,103.41,551200
2019-10-15,100.96,102.12,100.57,101.79,1113400
2019-10-14,101.14,101.65,100.33,100.45,494500
2019-10-11,102.03,102.89,101.39,101.46,877900
2019-10-10,100.93,101.9,100.63,100.7,1146500
2019-10-09,103.04,103.33,100.45,101.04,1063600
2019-10-08,101.49,103.14,100.64,102.33,888600
2019-10-07,102.8,103.21,102.38,102.58,428600
2019-10-04,101.09,103.41,101.09,103.32,519500
2019-10-03,99.83,101.15,98.4,101.1,624100
2019-10-02,100.31,100.64,98.91,100.24,466400
2019-10-01,104.25,104.81,100.63,101.1,603700
2019-09-30,102.86,104.7,102.67,103.65,712400
2019-09-27,103.11,103.34,101.91,102.5,340300
2019-09-26,101.82,103.09,101.38,102.66,568200
2019-09-25,101.53,101.88,100.99,101.85,490900
2019-09-24,101.63,102.36,101.19,101.59,591500
2019-09-23,100.98,101.71,100.96,101.16,376300
2019-09-20,102.29,102.7,101.34,101.57,605900
2019-09-19,102.27,102.93,100.82,102.13,489700
2019-09-18,100.67,102.56,100.06,102.31,536900
2019-09-17,101.87,102.72,101.16,101.56,627600
2019-09-16,101.63,102.24,100.89,102.13,667000
2019-09-13,100.73,102.47,100.66,102.24,1069600
2019-09-12,100.16,100.62,98.84,100.33,440200
2019-09-11,98.67,99.95,98.13,99.93,497800
2019-09-10,97.74,98.45,96.18,98.26,702500
2019-09-09,99.26,99.55,97.43,97.94,670800
2019-09-06,98.78,99.99,98.61,98.95,629000
2019-09-05,97.6,98.73,97.33,98.62,641100
2019-09-04,96.14,96.85,95.6,96.76,595300
2019-09-03,95.73,96.32,94.72,95.33,650300
2019-08-30,96.59,96.82,95.65,96.27,620900
2019-08-29,95.06,96.04,94.22,95.8,445300
2019-08-28,93.33,94.35,92.93,94.29,398600
2019-08-27,94.56,94.82,93.12,93.77,447600
2019-08-26,94.12,94.5,93.34,94.02,391600
2019-08-23,95.21,95.81,93.03,93.42,586000
2019-08-22,95.93,96.4,94.71,95.69,528900
2019-08-21,96.01,96.17,94.79,95.46,594700
2019-08-20,96.07,96.41,94.88,95.0,683900
2019-08-19,96.53,97.03,95.72,96.55,679800
2019-08-16,95.29,95.95,94.87,95.43,2424600
2019-08-15,94.3,94.98,93.49,94.72,747900
2019-08-14,96.96,97.07,93.77,94.08,770900
2019-08-13,96.61,98.21,96.3,97.46,962600
2019-08-12,98.3,98.47,96.52,97.0,611200
2019-08-09,98.87,99.11,97.66,98.73,811300
2019-08-08,98.76,99.57,98.23,99.15,874600
2019-08-07,98.66,98.91,97.53,98.33,637000
2019-08-06,100.13,100.3,98.61,99.83,614300
2019-08-05,99.98,100.95,99.13,99.68,967600
2019-08-02,102.13,103.21,100.95,101.83,645000
2019-08-01,103.49,104.67,102.25,102.48,1082100
2019-07-31,104.18,105.16,102.88,103.54,752800
2019-07-30,103.37,104.46,103.07,104.27,776700
2019-07-29,105.33,105.33,103.19,103.7,683100
2019-07-26,104.81,105.6,103.69,105.26,858000
2019-07-25,102.01,105.12,98.24,104.81,1800600
2019-07-24,108.72,109.08,107.92,108.22,765800
2019-07-23,108.53,108.93,107.88,108.83,415100
2019-07-22,107.65,108.5,107.46,108.02,623700
2019-07-19,110.0,110.21,107.55,107.59,538100
2019-07-18,108.72,109.48,108.47,109.44,789500
2019-07-17,110.92,111.15,108.7,108.82,785500
2019-07-16,110.88,111.22,110.19,110.78,627900
2019-07-15,110.5,110.95,109.48,110.76,340600
2019-07-12,109.5,110.44,108.96,110.44,427800
2019-07-11,109.49,109.99,108.7,109.27,398300
2019-07-10,110.76,111.4,109.26,109.32,538700
2019-07-09,109.86,110.38,109.0,110.17,625400
2019-07-08,109.76,110.94,109.02,109.98,481100
2019-07-05,109.73,111.08,108.8,110.99,436500
2019-07-03,110.45,110.8,110.19,110.51,541000
2019-07-02,111.62,111.62,109.5,110.26,825100
2019-07-01,111.48,111.99,110.42,111.52,680900
2019-06-28,109.13,110.61,108.34,110.55,935300
2019-06-27,107.83,108.85,107.37,108.77,369500
2019-06-26,107.81,108.46,106.92,107.59,532100
2019-06-25,108.15,108.41,107.35,107.57,582800
2019-06-24,108.2,108.91,107.6,107.89,389100
2019-06-21,108.39,108.54,107.32,107.84,723600
2019-06-20,107.91,109.43,107.06,108.26,517400
2019-06-19,106.27,107.28,105.2,107.16,386800
2019-06-18,105.5,106.95,104.91,106.15,621000
2019-06-17,106.05,106.37,104.41,104.65,1305100
2019-06-14,105.19,106.26,104.32,106.02,621300
2019-06-13,105.03,105.56,104.56,105.31,571700
2019-06-12,105.11,105.45,104.31,104.54,497000
2019-06-11,105.91,105.99,104.26,105.0,534400
2019-06-10,104.58,105.63,104.45,105.54,406300
2019-06-07,104.41,104.5,103.46,104.14,445700
2019-06-06,103.14,103.96,102.65,103.7,506500
2019-06-05,101.07,103.56,100.45,103.31,591100
2019-06-04,100.16,100.83,99.05,100.42,1563900
2019-06-03,97.24,99.81,97.24,99.6,677900
2019-05-31,97.2,97.52,94.72,97.05,1586400
2019-05-30,98.02,99.57,97.99,99.48,527900
2019-05-29,98.31,98.39,97.23,97.79,614800
2019-05-28,99.73,100.74,98.82,98.82,1182900
2019-05-24,99.81,99.85,98.97,99.28,934800
2019-05-23,98.88,99.25,98.1,99.1,839300
2019-05-22,101.03,102.0,99.56,99.93,1192500
2019-05-21,100.43,101.58,100.23,101.48,600700
2019-05-20,100.3,100.41,99.25,99.98,817800
2019-05-17,100.85,101.82,100.47,100.47,2120000
2019-05-16,101.04,102.54,100.98,101.87,1094900
2019-05-15,99.13,100.69,99.0,100.43,1189500
2019-05-14,99.31,100.3,99.01,99.4,829300
2019-05-13,98.14,99.83,97.87,99.07,1131300
2019-05-10,99.44,100.6,98.24,100.28,758400
2019-05-09,99.07,100.3,98.53,100.1,861200
2019-05-08,99.0,100.41,98.54,99.62,972400
2019-05-07,99.96,100.74,98.27,99.36,1031100
2019-05-06,100.67,101.85,100.34,101.23,629900
2019-05-03,99.61,102.39,99.61,102.19,675200
2019-05-02,99.05,99.78,98.34,98.92,738700
2019-05-01,99.35,100.4,99.02,99.04,619500
2019-04-30,98.49,99.56,98.32,99.23,589400
2019-04-29,98.41,98.88,98.06,98.41,592200
2019-04-26,96.71,98.31,95.44,98.31,553100
2019-04-25,95.53,97.5,93.09,96.56,1548400
2019-04-24,95.99,96.06,95.24,95.5,933200
2019-04-23,94.08,96.57,94.08,95.99,526900
2019-04-22,93.58,94.22,93.23,93.96,948700
2019-04-18,94.09,94.66,93.52,93.75,1373500
2019-04-17,94.09,94.14,93.34,93.9,1088400
2019-04-16,94.33,94.41,93.64,93.9,1047000
2019-04-15,94.57,94.99,93.9,94.07,462100
2019-04-12,94.24,95.0,94.22,94.57,438200
2019-04-11,93.58,93.84,93.08,93.77,461000
2019-04-10,93.49,93.66,92.24,93.33,786300
2019-04-09,93.93,94.4,93.33,93.49,724700
2019-04-08,94.86,94.92,94.18,94.4,442300
2019-04-05,94.53,95.27,94.13,94.92,746000
2019-04-04,93.49,94.16,93.34,94.12,581000
2019-04-03,93.0,94.64,92.7,93.49,748100
2019-04-02,92.77,92.99,92.1,92.42,519300
2019-04-01,91.16,92.84,91.16,92.64,666900
2019-03-29,90.24,90.91,89.97,90.71,827400
2019-03-28,88.52,89.87,88.24,89.82,609600
2019-03-27,88.42,88.89,87.3,88.2,397000
2019-03-26,87.96,88.52,87.6,88.42,458000
2019-03-25,87.28,87.82,87.11,87.45,359000
2019-03-22,88.61,88.83,87.16,87.22,704600
2019-03-21,87.54,89.29,87.36,88.9,480800
2019-03-20,88.71,88.74,87.1,87.74,974200
2019-03-19,89.21,89.56,88.51,88.71,743800
2019-03-18,88.49,89.02,88.28,88.9,745800
2019-03-15,88.76,89.19,88.23,88.41,1411700
2019-03-14,89.03,89.47,88.7,88.77,625800
2019-03-13,89.34,89.92,89.17,89.64,656300
2019-03-12,88.74,89.14,88.4,88.81,597500
2019-03-11,88.14,88.92,88.12,88.58,518400
2019-03-08,87.41,88.07,87.26,87.98,450000
2019-03-07,89.31,89.31,87.33,87.97,620000
2019-03-06,90.16,90.63,89.4,89.44,731000
2019-03-05,90.2,90.83,89.93,89.94,674700
2019-03-04,91.32,91.51,89.86,90.19,618100
2019-03-01,90.89,91.74,90.48,91.2,732400
2019-02-28,90.29,90.4,89.56,89.96,720700
2019-02-27,88.4,90.51,87.95,90.43,640300
2019-02-26,88.68,89.6,88.58,88.64,634000
2019-02-25,89.69,89.9,88.28,88.7,734000
2019-02-22,88.47,89.86,88.22,89.7,799800
2019-02-21,87.47,88.69,87.47,88.23,770000
2019-02-20,87.72,88.17,85.96,87.95,1271200
2019-02-19,88.12,90.67,87.18,88.02,2002100
2019-02-15,92.35,92.45,90.8,91.56,2165800
2019-02-14,93.52,93.52,91.67,91.68,1042400
2019-02-13,93.24,93.85,92.7,93.77,594000
2019-02-12,92.24,93.17,92.08,93.04,540400
2019-02-11,91.48,92.02,91.2,91.51,445100
2019-02-08,90.45,91.39,89.93,91.39,696200
2019-02-07,89.52,90.75,88.64,90.74,541000
2019-02-06,88.94,89.81,88.52,89.64,735700
2019-02-05,87.56,89.34,87.56,89.1,688300
2019-02-04,86.56,87.3,86.0,87.28,420600
2019-02-01,86.0,86.86,85.22,86.75,650300
2019-01-31,85.69,86.41,85.41,85.86,723100
2019-01-30,85.49,86.25,84.54,85.91,353300
2019-01-29,84.5,85.44,83.92,85.03,413300
2019-01-28,83.41,84.59,83.03,84.28,402500
2019-01-25,84.0,84.86,83.7,84.19,569900
2019-01-24,82.69,83.22,82.37,83.0,422300
2019-01-23,82.43,83.13,81.75,82.43,526200
2019-01-22,83.05,83.05,81.64,82.18,518600
2019-01-18,82.48,84.05,82.35,83.51,813500
2019-01-17,80.89,82.37,80.89,81.76,663400
2019-01-16,81.55,82.28,80.99,81.01,710800
2019-01-15,82.0,82.4,80.79,81.75,611300
2019-01-14,81.67,82.67,81.2,81.77,555100
2019-01-11,81.54,82.2,81.37,82.07,435800
2019-01-10,82.15,83.01,81.66,82.2,792700
2019-01-09,81.54,82.88,80.75,82.35,589900
2019-01-08,81.14,81.82,80.62,81.44,853500
2019-01-07,79.73,81.01,79.29,80.33,610900
2019-01-04,80.82,81.11,79.25,79.5,1036400
2019-01-03,80.64,80.94,78.53,79.68,1050800
2019-01-02,78.65,81.07,78.31,81.05,864300
2018-12-31,78.84,80.06,78.72,79.71,431600
2018-12-28,79.51,79.88,77.91,78.55,732700
2018-12-27,77.31,79.3,76.53,79.3,613700
2018-12-26,75.72,78.68,74.83,78.61,820000
2018-12-24,78.0,78.3,75.32,75.41,545800
2018-12-21,80.1,81.48,78.31,78.54,1130200
2018-12-20,81.87,82.44,79.93,80.41,875800
2018-12-19,84.42,85.38,81.48,81.98,1667200
2018-12-18,84.48,85.37,83.8,84.31,795100
2018-12-17,86.21,86.21,83.13,83.67,653200
2018-12-14,86.25,87.88,85.5,86.35,638900
2018-12-13,88.23,88.88,87.19,87.44,571900
2018-12-12,88.51,89.39,87.76,87.84,448000
2018-12-11,88.59,88.66,86.97,87.31,683800
2018-12-10,88.73,89.04,85.56,87.23,694200
2018-12-07,89.84,90.43,88.0,88.67,547000
2018-12-06,89.18,89.74,87.09,89.74,754100
2018-12-04,92.65,92.99,90.02,90.28,635800
2018-12-03,92.69,94.3,91.2,93.1,1080300
2018-11-30,91.95,92.81,90.99,91.59,1124500
2018-11-29,91.73,92.89,90.95,91.75,740100
2018-11-28,90.32,92.89,90.14,92.2,783700
2018-11-27,89.46,90.64,89.19,90.25,625300
2018-11-26,90.0,90.15,89.18,89.77,972300
2018-11-23,89.51,89.97,88.6,89.11,283600
2018-11-21,89.24,90.48,88.74,89.8,352200
2018-11-20,88.75,89.68,88.29,88.75,595200
2018-11-19,89.19,89.93,88.98,89.44,705400
2018-11-16,88.06,89.66,87.72,89.27,558700
2018-11-15,86.54,89.54,86.29,88.46,792800
2018-11-14,89.37,89.78,86.43,87.11,682400
2018-11-13,89.04,90.64,88.74,88.87,664300
2018-11-12,89.43,89.61,88.38,88.59,351100
2018-11-09,90.05,90.5,88.87,89.39,505200
2018-11-08,89.78,90.69,89.31,90.42,435600
2018-11-07,89.82,89.99,88.44,89.77,480200
2018-11-06,88.35,89.43,87.78,89.11,319700
2018-11-05,88.49,89.22,87.91,88.6,628200
2018-11-02,88.18,89.0,87.37,88.14,689200
2018-11-01,86.14,88.12,85.99,87.41,1096600
2018-10-31,85.46,86.71,85.46,85.73,712700
2018-10-30,81.75,84.83,81.75,84.6,796100
2018-10-29,83.63,84.27,80.36,81.67,1018800
2018-10-26,82.3,83.4,81.49,82.71,1134600
2018-10-25,81.73,86.16,81.63,82.94,1569700
2018-10-24,82.33,82.89,79.64,79.74,1210500
2018-10-23,80.38,83.28,80.04,82.75,1097300
2018-10-22,81.97,82.04,81.04,81.51,620600
2018-10-19,82.8,83.31,81.55,81.79,477400
2018-10-18,83.96,84.46,82.03,82.71,532000
2018-10-17,84.95,84.95,83.29,84.17,408200
2018-10-16,84.29,85.31,83.85,85.23,401000
2018-10-15,83.59,84.41,83.16,83.83,402200
2018-10-12,87.3,87.3,82.6,83.77,696000
2018-10-11,84.57,84.77,82.62,82.76,756200
2018-10-10,87.72,87.72,84.48,84.56,871500
2018-10-09,88.3,89.28,86.78,87.62,879600
2018-10-08,89.44,89.44,88.27,88.37,763900
2018-10-05,90.51,91.09,89.15,89.55,395000
2018-10-04,90.92,91.15,89.83,90.19,346600
2018-10-03,91.34,92.07,90.8,91.22,544400
2018-10-02,90.87,91.57,90.68,91.32,509800
2018-10-01,91.55,92.87,90.71,91.14,783000
2018-09-28,89.79,90.78,89.69,90.57,516600
2018-09-27,89.65,90.49,89.13,89.99,479200
2018-09-26,89.13,90.03,88.9,89.53,347300
2018-09-25,89.36,89.56,88.8,89.13,381100
2018-09-24,89.98,90.31,88.99,89.39,355300
2018-09-21,90.43,90.78,89.67,90.07,1112600
2018-09-20,91.12,91.58,90.74,90.91,691300
2018-09-19,90.59,91.07,90.31,90.58,472100
2018-09-18,89.1,90.49,88.79,90.37,599900
2018-09-17,88.0,89.11,87.73,88.89,744100
2018-09-14,88.96,89.23,87.7,87.82,758000
2018-09-13,89.94,89.94,88.96,89.34,471800
2018-09-12,89.64,90.17,89.14,89.74,421700
2018-09-11,89.78,90.16,89.23,89.7,488400
2018-09-10,89.0,90.18,89.0,89.8,495500
2018-09-07,88.8,89.19,88.29,88.71,341800
2018-09-06,89.2,89.9,88.69,88.93,461500
2018-09-05,87.29,89.28,87.29,89.2,435600
2018-09-04,87.17,87.29,86.21,87.15,565900
2018-08-31,87.13,87.88,87.07,87.22,644400
2018-08-30,86.9,87.43,86.21,87.29,778100
2018-08-29,87.76,88.02,86.57,86.96,500100
2018-08-28,87.95,88.02,87.28,87.72,332600
2018-08-27,87.89,88.4,87.5,87.69,310700
2018-08-24,86.77,87.41,86.42,87.27,380100
2018-08-23,87.1,87.61,86.3,86.44,410500
2018-08-22,87.53,87.53,86.42,87.1,360500
2018-08-21,86.96,88.12,86.9,87.79,501100
2018-08-20,86.99,87.83,86.47,86.96,545700
2018-08-17,85.3,86.99,85.21,86.7,485600
2018-08-16,85.63,87.08,85.13,85.43,818100
2018-08-15,82.88,85.69,82.25,85.3,1028300
2018-08-14,81.98,83.51,81.67,83.27,392000
2018-08-13,81.92,82.29,81.27,81.73,530900
2018-08-10,82.19,82.39,81.46,81.8,459600
2018-08-09,82.63,83.26,82.48,82.56,608600
2018-08-08,83.18,83.18,82.45,82.52,485600
2018-08-07,82.87,83.5,82.74,83.1,480900
2018-08-06,81.58,82.71,80.95,82.57,459500
2018-08-03,81.4,81.92,80.83,81.72,301500
2018-08-02,80.55,81.32,80.24,81.2,348200
2018-08-01,81.54,82.28,80.58,80.88,579800
2018-07-31,81.29,81.89,80.66,81.54,665600
2018-07-30,81.89,82.45,80.86,80.93,795600
2018-07-27,81.73,82.1,81.11,81.6,1122500
2018-07-26,77.5,82.2,75.89,81.48,1136800
2018-07-25,80.0,80.36,78.41,80.09,1090500
2018-07-24,78.86,79.96,78.82,79.82,1328700
2018-07-23,79.73,79.85,78.46,78.71,483400
2018-07-20,78.38,80.47,78.05,79.49,609100
2018-07-19,78.92,79.22,78.28,78.68,909500
2018-07-18,80.05,80.36,79.19,79.23,588300
2018-07-17,78.74,80.12,78.74,80.08,516400
2018-07-16,79.59,79.81,79.0,79.24,685300
2018-07-13,79.3,80.03,77.86,79.71,546400
2018-07-12,78.4,79.28,78.0,79.08,434500
2018-07-11,78.09,78.23,77.46,77.91,304800
2018-07-10,77.99,78.44,77.66,78.35,594000
2018-07-09,77.26,78.35,76.89,77.94,660400
2018-07-06,77.73,77.73,76.69,76.86,1000600
2018-07-05,77.33,78.07,76.82,77.88,528400
2018-07-03,78.09,78.74,76.92,77.02,233800
2018-07-02,76.95,77.71,76.65,77.63,466700
2018-06-29,77.64,78.16,76.89,77.36,669600
2018-06-28,77.15,77.51,76.64,77.18,734500
2018-06-27,76.46,77.8,76.25,77.39,1331600
2018-06-26,76.8,76.99,76.19,76.33,719800
2018-06-25,77.5,77.5,76.14,76.38,793800
2018-06-22,78.35,78.48,77.45,77.69,634300
2018-06-21,79.82,79.82,77.5,77.88,663500
2018-06-20,80.35,80.48,79.29,80.0,635600
2018-06-19,80.95,81.04,79.29,80.17,621600
2018-06-18,81.66,81.87,81.14,81.48,673200
2018-06-15,81.57,82.15,80.75,82.07,1195200
2018-06-14,81.16,82.46,80.84,81.79,599000
2018-06-13,82.12,82.12,80.34,80.9,934300
2018-06-12,81.41,82.23,81.09,82.17,605300
2018-06-11,81.13,81.59,81.13,81.26,813800
2018-06-08,80.15,81.14,80.06,81.12,884900
2018-06-07,79.44,80.42,79.42,80.21,399900
2018-06-06,79.22,79.23,78.53,79.23,356600
2018-06-05,78.5,79.53,78.5,79.17,555900
2018-06-04,78.14,78.5,77.71,78.32,490900
2018-06-01,77.1,78.33,77.09,77.89,725200
2018-05-31,79.31,79.31,76.42,76.43,719400
2018-05-30,78.82,79.71,78.13,79.21,604200
2018-05-29,78.38,79.31,77.83,78.27,990500
2018-05-25,79.14,79.75,78.38,78.79,637800
2018-05-24,79.26,79.59,78.51,79.26,759600
2018-05-23,78.28,79.27,78.14,79.22,1059100
2018-05-22,78.85,79.09,78.39,78.67,1015600
2018-05-21,78.75,79.09,78.45,78.78,577200
2018-05-18,76.88,78.5,76.6,78.37,1374800
2018-05-17,76.73,77.32,76.64,76.87,569200
2018-05-16,76.56,77.36,76.5,77.02,403400
2018-05-15,76.58,76.72,75.65,76.46,545300
2018-05-14,77.33,78.02,76.65,76.85,677400
2018-05-11,77.19,78.23,76.91,77.28,480800
2018-05-10,76.43,77.39,76.27,77.31,440800
2018-05-09,75.93,76.55,75.07,76.28,1018800
2018-05-08,75.63,76.21,75.26,75.89,927200
2018-05-07,76.2,76.56,75.44,75.74,939300
2018-05-04,74.07,76.47,74.0,76.15,1095800
2018-05-03,74.73,75.57,73.85,74.82,1348100
2018-05-02,75.75,77.72,74.94,75.12,2406500
2018-05-01,77.23,77.76,75.44,77.14,1534400
2018-04-30,78.0,78.46,76.92,77.18,1947700
2018-04-27,78.03,78.69,77.05,77.83,1842600
2018-04-26,75.5,79.54,75.5,78.59,4987400
2018-04-25,81.94,83.14,81.28,83.03,1287400
2018-04-24,84.95,85.87,81.58,82.15,916900
2018-04-23,85.13,85.26,83.97,84.52,560400
2018-04-20,85.55,86.12,84.31,84.75,587000
2018-04-19,86.14,86.34,84.68,85.39,551500
2018-04-18,86.09,87.04,85.76,86.5,578700
2018-04-17,85.72,85.98,85.1,85.62,801400
2018-04-16,85.3,86.05,84.87,85.37,627600
2018-04-13,85.77,85.84,84.17,84.56,335300
2018-04-12,84.98,85.78,84.39,85.31,578700
2018-04-11,84.43,85.24,84.34,84.54,453200
2018-04-10,85.64,86.16,85.07,85.23,651700
2018-04-09,85.58,85.68,84.45,84.54,334400
2018-04-06,85.52,86.23,83.95,84.75,567800
2018-04-05,86.08,86.66,84.8,85.94,990900
2018-04-04,83.45,86.13,82.85,85.74,971700
2018-04-03,83.44,85.0,83.22,84.59,623300
2018-04-02,85.28,85.35,82.25,83.24,530300
2018-03-29,83.72,85.77,83.33,85.29,807100
2018-03-28,84.0,84.05,82.91,83.13,717900
2018-03-27,85.08,86.0,83.82,84.0,805800
2018-03-26,84.14,84.62,83.19,84.56,763800
2018-03-23,84.86,84.86,82.84,82.96,812700
2018-03-22,85.29,86.67,84.55,84.6,689700
2018-03-21,85.77,86.69,85.53,85.94,350000
2018-03-20,85.32,86.27,84.94,85.63,373700
2018-03-19,85.84,85.97,84.48,85.25,409100
2018-03-16,85.37,86.27,85.26,85.88,676600
2018-03-15,85.53,85.83,84.79,85.48,313900
2018-03-14,86.41,86.41,85.24,85.36,294300
2018-03-13,87.7,87.99,85.28,86.09,644500
2018-03-12,87.52,87.78,87.05,87.4,621800
2018-03-09,85.25,87.3,85.25,87.21,705500
2018-03-08,84.43,85.16,84.16,84.76,542100
2018-03-07,83.27,84.15,83.14,83.93,450500
2018-03-06,83.09,84.37,82.71,83.92,706800
2018-03-05,81.62,83.31,81.42,83.01,559700
2018-03-02,81.6,82.43,80.59,82.23,630100
2018-03-01,84.15,84.92,81.86,82.07,957000
2018-02-28,87.03,87.05,84.1,84.11,1142500
2018-02-27,87.61,87.85,86.69,86.97,1218600
2018-02-26,86.55,88.0,85.97,87.85,1002800
2018-02-23,86.5,87.09,85.83,86.17,798600
2018-02-22,87.27,88.29,85.57,86.04,1061900
2018-02-21,86.13,87.94,85.44,86.72,1168800
2018-02-20,86.21,88.41,85.3,85.66,1657000
2018-02-16,82.19,83.54,81.85,82.72,692100
2018-02-15,80.8,82.57,80.52,82.26,685500
2018-02-14,78.93,80.5,78.75,79.97,1074400
2018-02-13,79.47,80.4,78.94,79.65,623100
2018-02-12,79.15,80.4,78.98,79.75,1009900
2018-02-09,78.21,79.02,76.15,78.49,1267400
2018-02-08,79.92,80.24,77.24,77.32,894000
2018-02-07,79.74,81.2,79.74,79.96,578300
2018-02-06,77.65,80.93,76.76,80.11,1131400
2018-02-05,81.49,82.35,79.01,79.11,962300
2018-02-02,84.47,84.6,81.42,81.85,895700
2018-02-01,85.84,86.99,84.79,85.17,528500
2018-01-31,85.63,86.82,85.51,86.11,902500
2018-01-30,86.18,86.64,85.44,85.44,527300
2018-01-29,86.3,87.07,86.16,86.68,590700
2018-01-26,85.85,86.41,85.35,86.37,594900
2018-01-25,86.05,86.3,85.0,85.35,345400
2018-01-24,85.72,86.58,84.92,85.58,487000
2018-01-23,85.66,85.66,84.71,85.35,675700
2018-01-22,85.86,86.09,84.56,85.8,477500
2018-01-19,84.39,86.28,83.98,86.23,890200
2018-01-18,84.3,84.73,83.75,84.05,554500
2018-01-17,84.64,84.64,83.55,84.21,740900
2018-01-16,85.31,86.0,83.64,84.07,652800
2018-01-12,84.32,85.27,83.76,85.04,904200
2018-01-11,82.6,84.55,82.6,84.38,987900
2018-01-10,82.76,83.35,82.13,82.6,851500
2018-01-09,81.55,83.9,81.16,82.93,925500
2018-01-08,81.35,81.7,80.92,81.24,539100
2018-01-05,81.78,82.45,81.1,81.57,851100
2018-01-04,80.62,81.49,80.35,81.37,1211700
2018-01-03,80.22,80.91,79.66,80.25,1117400
2018-01-02,80.07,80.07,79.19,79.91,645400
2017-12-29,80.0,80.29,78.82,79.56,662900
2017-12-28,80.25,80.71,78.67,79.56,1124100
2017-12-27,80.66,80.77,79.99,80.0,479300
2017-12-26,80.29,80.77,80.01,80.39,251400
2017-12-22,81.1,82.06,80.25,80.34,347900
2017-12-21,81.47,81.75,80.91,81.0,613800
2017-12-20,80.39,81.46,80.04,81.0,981300
2017-12-19,82.47,82.47,80.04,80.07,1188200
2017-12-18,82.88,83.44,82.43,82.56,856000
2017-12-15,82.15,82.75,81.79,82.28,1256800
2017-12-14,82.68,83.15,81.59,81.68,586000
2017-12-13,82.52,83.21,81.85,82.64,732400
2017-12-12,82.2,82.41,81.68,82.15,427000
2017-12-11,82.15,82.42,81.44,82.17,732300
2017-12-08,83.78,83.78,82.3,82.46,562200
2017-12-07,82.07,83.16,82.01,83.11,643500
2017-12-06,82.0,82.39,81.39,81.79,533200
2017-12-05,83.29,83.71,82.0,82.0,542200
2017-12-04,85.39,85.76,83.38,83.43,766300
2017-12-01,84.23,84.83,82.48,84.58,862700
2017-11-30,83.01,84.23,82.55,84.14,970400
2017-11-29,83.54,83.78,82.47,82.94,745900
2017-11-28,83.21,84.02,82.82,83.33,651800
2017-11-27,83.11,84.16,82.59,83.1,720600
2017-11-24,83.16,83.57,82.89,82.92,196500
2017-11-22,83.32,83.8,82.77,83.16,402800
2017-11-21,83.6,83.8,82.87,83.4,456300
2017-11-20,82.6,83.66,82.6,83.24,338100
2017-11-17,82.52,82.89,82.02,82.65,517700
2017-11-16,82.25,83.06,81.95,82.41,334700
2017-11-15,82.62,82.66,81.65,82.03,473100
2017-11-14,83.64,84.0,82.72,82.9,842400
2017-11-13,82.93,84.29,82.72,83.94,847000
2017-11-10,81.57,83.27,81.22,83.13,565200
2017-11-09,83.06,83.35,81.46,82.08,429500
2017-11-08,83.44,83.51,81.96,83.43,388700
2017-11-07,83.27,84.63,82.67,83.53,851300
2017-11-06,82.02,83.47,81.82,83.09,718300
2017-11-03,82.58,82.59,81.6,82.02,896100
2017-11-02,82.88,82.99,81.7,82.23,852600
2017-11-01,83.58,84.11,82.29,82.73,700600
2017-10-31,82.7,83.55,82.23,83.39,1406900
2017-10-30,81.02,82.85,80.72,81.97,1281300
2017-10-27,80.13,81.04,78.63,80.29,1919700
2017-10-26,80.72,82.24,79.26,80.7,3297200
2017-10-25,88.18,88.46,85.55,86.49,894300
2017-10-24,87.6,88.75,87.56,88.48,619200
2017-10-23,87.99,88.16,87.22,87.31,379500
2017-10-20,87.5,88.29,87.41,88.02,546200
2017-10-19,87.46,87.82,87.23,87.74,422800
2017-10-18,87.25,87.93,87.25,87.6,569100
2017-10-17,88.11,88.35,86.82,87.0,768100
2017-10-16,88.52,88.95,88.01,88.14,349700
2017-10-13,89.81,89.81,88.19,88.3,380500
2017-10-12,87.88,89.75,87.62,89.56,913500
2017-10-11,88.11,88.32,87.6,88.15,743800
2017-10-10,87.82,87.98,87.19,87.81,415900
2017-10-09,87.37,87.69,86.65,87.62,297900
2017-10-06,87.04,87.33,86.6,87.19,716800
2017-10-05,86.83,87.25,86.03,87.07,694000
2017-10-04,87.42,87.76,86.55,86.73,828500
2017-10-03,86.66,87.69,86.48,87.47,529300
2017-10-02,86.56,86.95,86.28,86.53,518600
2017-09-29,85.68,86.89,85.68,86.47,493100
2017-09-28,85.29,85.82,84.82,85.76,585300
2017-09-27,85.61,86.45,85.29,85.33,751400
2017-09-26,84.75,85.62,84.5,85.35,518900
2017-09-25,84.41,84.8,84.29,84.5,437300
2017-09-22,83.62,84.64,83.34,84.55,890500
2017-09-21,83.25,83.82,83.25,83.47,465000
2017-09-20,83.01,84.04,82.57,83.57,1023200
2017-09-19,82.76,83.14,82.06,82.85,677100
2017-09-18,82.98,83.12,82.19,82.65,508100
2017-09-15,82.63,82.97,82.12,82.77,978400
2017-09-14,81.66,82.65,81.42,82.62,784200
2017-09-13,81.09,81.87,80.43,81.81,589500
2017-09-12,81.33,81.62,80.95,81.0,660500
2017-09-11,81.23,81.64,80.48,81.07,759300
2017-09-08,80.21,81.4,79.9,80.81,512300
2017-09-07,80.38,80.63,79.7,80.22,395900
2017-09-06,79.86,80.53,79.58,80.26,604900
2017-09-05,79.16,80.0,79.16,79.4,639400
2017-09-01,79.03,79.4,78.85,79.15,517800
2017-08-31,78.71,79.0,78.45,78.71,487600
2017-08-30,77.74,78.34,77.45,78.3,292300
2017-08-29,77.72,78.34,77.7,77.77,271900
2017-08-28,77.97,78.25,77.82,78.05,425100
2017-08-25,77.58,77.81,77.43,77.62,376800
2017-08-24,77.24,77.54,76.82,77.15,360200
2017-08-23,77.81,77.85,76.79,77.09,611600
2017-08-22,77.68,78.32,77.28,78.08,507600
2017-08-21,78.2,78.32,77.42,77.48,384900
2017-08-18,78.58,78.87,78.06,78.17,327900
2017-08-17,79.18,79.96,78.76,78.83,500500
2017-08-16,79.04,79.63,78.89,79.29,404100
2017-08-15,79.5,79.5,78.74,78.95,271400
2017-08-14,79.84,80.03,79.08,79.47,420400
2017-08-11,78.93,79.77,78.63,79.28,354100
2017-08-10,80.19,80.48,78.86,78.92,459900
2017-08-09,81.31,81.52,80.46,80.59,354000
2017-08-08,81.91,82.25,81.31,81.37,468600
2017-08-07,81.33,82.06,80.82,81.99,321400
2017-08-04,80.86,81.32,80.46,81.32,343900
2017-08-03,80.99,81.11,80.14,80.76,372200
2017-08-02,81.18,81.38,79.86,80.85,521700
2017-08-01,81.63,82.62,80.94,81.47,878500
2017-07-31,81.56,81.89,80.74,81.24,615800
2017-07-28,81.31,82.0,80.23,81.4,736100
2017-07-27,78.99,81.26,77.62,81.2,1371800
2017-07-26,79.03,79.4,78.48,78.49,853400
2017-07-25,80.82,81.07,78.75,79.1,681700
2017-07-24,80.34,80.69,79.69,80.31,286000
2017-07-21,80.81,81.28,80.12,80.41,401400
2017-07-20,80.87,81.14,80.12,81.09,528900
2017-07-19,80.71,81.0,80.5,80.7,303000
2017-07-18,80.6,80.89,80.15,80.6,374300
2017-07-17,80.78,80.85,80.46,80.83,295800
2017-07-14,80.81,81.29,80.45,80.77,438700
2017-07-13,81.98,82.69,80.61,80.79,541500
2017-07-12,82.04,82.53,81.59,81.99,374700
2017-07-11,81.38,81.84,81.03,81.47,354500
2017-07-10,81.35,81.85,81.09,81.53,472600
2017-07-07,80.85,81.64,80.22,81.22,414000
2017-07-06,81.92,81.92,80.5,80.66,424000
2017-07-05,81.55,82.9,81.36,82.14,416600
2017-07-03,81.57,81.83,81.35,81.37,217200
2017-06-30,80.09,81.5,80.09,81.12,457200
2017-06-29,81.26,81.26,78.91,79.82,542700
2017-06-28,81.12,81.83,80.88,81.24,264600
2017-06-27,81.25,81.62,80.49,80.59,456000
2017-06-26,81.67,81.96,81.27,81.41,236800
2017-06-23,81.21,82.18,80.99,81.45,590600
2017-06-22,81.49,81.9,81.17,81.19,298800
2017-06-21,82.1,82.1,81.34,81.51,437800
2017-06-20,81.68,82.77,81.5,81.91,520500
2017-06-19,82.04,82.38,81.66,82.17,403100
2017-06-16,81.02,81.93,80.76,81.58,822400
2017-06-15,79.32,80.83,79.04,80.75,600700
2017-06-14,79.69,80.12,79.43,79.75,563100
2017-06-13,78.19,79.4,77.81,79.28,611400
2017-06-12,77.36,78.49,76.47,78.45,1033300
2017-06-09,77.83,78.22,76.9,77.23,756900
2017-06-08,78.33,78.57,77.37,77.65,724500
2017-06-07,78.61,79.04,78.12,78.33,511500
2017-06-06,79.76,80.4,78.47,78.54,510900
2017-06-05,80.0,80.37,79.64,80.0,498600
2017-06-02,79.05,80.17,78.87,80.06,703700
2017-06-01,79.02,79.55,78.8,79.14,907200
2017-05-31,78.62,79.17,77.76,78.63,3922200
2017-05-30,79.35,79.35,78.25,78.46,855300
2017-05-26,79.36,79.68,79.11,79.38,655700
2017-05-25,79.29,79.69,79.05,79.46,645500
2017-05-24,79.0,79.24,78.65,79.05,702000
2017-05-23,79.5,79.71,78.76,78.9,823800
2017-05-22,79.2,79.99,79.2,79.46,798800
2017-05-19,77.83,79.45,77.46,79.06,1065000
2017-05-18,76.83,77.76,76.26,77.32,656400
2017-05-17,78.48,78.48,76.86,77.01,1009000
2017-05-16,77.6,78.7,77.58,78.48,1238600
2017-05-15,76.7,77.57,76.7,77.24,582400
2017-05-12,77.16,77.31,76.64,76.73,415800
2017-05-11,76.45,77.31,75.94,77.29,900000
2017-05-10,76.76,76.94,75.85,76.83,613200
2017-05-09,77.11,77.2,76.75,76.98,438000
2017-05-08,77.28,77.57,76.4,76.8,573300
2017-05-05,77.56,77.94,77.0,77.5,809500
2017-05-04,77.59,77.92,76.98,77.35,919700
2017-05-03,77.24,77.62,76.68,77.28,828800
2017-05-02,77.98,78.23,77.3,77.62,698100
2017-05-01,78.7,78.7,77.62,77.7,716500
2017-04-28,80.06,80.34,78.41,78.64,1349300
2017-04-27,82.0,82.0,79.8,80.62,1601800
2017-04-26,78.85,79.97,78.11,79.72,1521200
2017-04-25,78.65,79.09,78.32,78.75,400100
2017-04-24,78.87,79.19,77.74,78.24,711800
2017-04-21,77.69,78.22,77.59,77.91,750500
2017-04-20,77.12,78.05,76.88,77.72,417100
2017-04-19,76.28,77.34,76.28,76.83,666100
2017-04-18,75.98,76.14,75.61,75.94,418400
2017-04-17,75.28,76.23,75.19,76.23,414300
2017-04-13,75.14,75.55,74.83,75.11,925500
2017-04-12,75.27,75.45,74.4,75.24,824400
2017-04-11,74.72,75.35,74.48,75.29,760800
2017-04-10,74.64,75.22,74.53,74.62,451000
2017-04-07,74.61,75.14,74.58,74.69,384400
2017-04-06,74.42,75.3,74.11,74.7,556400
2017-04-05,75.0,75.44,73.93,74.13,1267500
2017-04-04,75.54,75.74,74.83,74.9,513200
2017-04-03,75.88,76.5,75.31,75.72,654800
2017-03-31,75.7,76.29,75.47,75.7,592300
2017-03-30,75.32,75.92,75.26,75.86,450900
2017-03-29,74.89,75.41,74.71,75.41,394400
2017-03-28,74.65,75.41,74.65,75.12,271200
2017-03-27,74.06,75.28,74.0,74.89,696300
2017-03-24,75.01,75.63,74.65,75.05,422700
2017-03-23,74.68,75.36,74.29,74.86,410300
2017-03-22,74.28,74.86,74.05,74.77,472300
2017-03-21,75.52,75.66,74.19,74.27,709400
2017-03-20,75.48,75.68,75.01,75.23,530400
2017-03-17,75.05,75.62,74.82,75.48,829500
2017-03-16,74.98,75.39,74.71,75.15,459300
2017-03-15,74.64,75.29,73.98,74.92,521200
2017-03-14,74.27,74.78,74.0,74.37,506600
2017-03-13,74.12,74.83,73.77,74.76,668400
2017-03-10,73.92,74.58,73.87,74.47,692300
2017-03-09,73.31,73.97,73.12,73.46,676300
2017-03-08,73.04,73.48,72.45,73.11,1073900
2017-03-07,73.23,73.4,72.62,72.86,675100
2017-03-06,73.0,73.63,72.8,73.21,1106600
2017-03-03,74.05,74.37,73.35,73.82,962000
2017-03-02,73.85,74.29,73.19,73.96,557200
2017-03-01,73.67,74.31,73.27,73.69,567800
2017-02-28,73.76,73.93,72.55,72.59,769200
2017-02-27,73.91,74.21,73.53,73.6,568200
2017-02-24,73.55,73.97,73.27,73.95,505200
2017-02-23,74.44,74.5,73.57,73.95,541700
2017-02-22,74.32,75.0,73.91,74.06,631200
2017-02-21,73.2,74.67,73.18,74.51,1120400
2017-02-17,72.84,73.68,72.48,73.27,865000
2017-02-16,71.9,73.11,71.9,72.93,1067300
2017-02-15,70.84,71.99,70.84,71.83,1138200
2017-02-14,71.35,71.54,70.85,71.08,695500
2017-02-13,72.2,72.48,71.19,71.45,562100
2017-02-10,71.8,72.36,71.5,71.92,1099200
2017-02-09,67.69,72.0,67.02,71.73,2487100
2017-02-08,67.02,67.8,66.72,67.6,922700
2017-02-07,67.39,67.75,66.81,67.02,872400
2017-02-06,67.12,67.34,66.55,67.34,626600
2017-02-03,66.62,67.39,66.2,67.33,950400
2017-02-02,65.59,65.75,65.06,65.62,992100
2017-02-01,65.94,67.1,65.37,65.94,685400
2017-01-31,65.68,65.74,64.74,65.67,594400
2017-01-30,66.02,66.06,64.82,65.84,709300
2017-01-27,66.16,66.61,65.97,66.52,450700
2017-01-26,66.6,66.95,65.65,65.95,808400
2017-01-25,67.0,68.54,66.06,66.6,836000
2017-01-24,65.31,66.87,65.31,66.42,759600
2017-01-23,64.83,65.78,64.75,65.07,829500
2017-01-20,66.54,66.54,64.62,65.16,1013000
2017-01-19,66.64,67.32,66.45,66.58,720000
2017-01-18,65.94,66.64,65.82,66.48,601500
2017-01-17,65.13,66.1,64.93,65.87,653400
2017-01-13,66.21,66.76,65.48,65.5,509000
2017-01-12,65.33,66.21,65.13,66.12,737700
2017-01-11,64.76,65.73,64.39,65.7,893200
2017-01-10,65.11,65.27,63.81,64.5,1806100
2017-01-09,65.64,65.89,65.2,65.42,850600
2017-01-06,66.39,66.65,65.8,65.89,1238300
2017-01-05,65.58,66.36,65.33,66.29,808900
2017-01-04,64.68,66.22,64.68,65.93,958800
2017-01-03,64.64,65.11,63.91,64.7,689800
2016-12-30,65.04,65.2,63.71,64.0,501800
2016-12-29,64.87,65.16,64.43,64.77,332200
2016-12-28,65.56,65.91,64.76,64.8,361600
2016-12-27,65.45,65.65,65.16,65.54,173600
2016-12-23,65.35,65.65,65.22,65.39,266100
2016-12-22,65.45,65.79,65.1,65.25,551100
2016-12-21,65.41,65.71,64.96,65.55,559200
2016-12-20,65.06,65.36,64.94,65.33,467800
2016-12-19,64.48,65.62,64.3,64.91,512300
2016-12-16,65.11,65.43,64.11,64.22,1269000
2016-12-15,65.47,65.85,64.78,64.9,774200
2016-12-14,65.67,66.18,65.35,65.44,770100
2016-12-13,65.14,65.92,65.03,65.65,776100
2016-12-12,65.68,65.79,64.57,65.12,658600
2016-12-09,65.47,65.79,65.17,65.68,411300
2016-12-08,65.63,66.06,65.3,65.38,722300
2016-12-07,65.13,65.95,64.83,65.78,1093800
2016-12-06,64.69,65.11,64.33,65.0,854600
2016-12-05,65.19,65.24,64.46,64.61,789200
2016-12-02,65.43,65.68,64.79,64.87,621300
2016-12-01,66.97,67.32,65.25,65.46,1391300
2016-11-30,67.67,67.93,66.51,66.91,733100
2016-11-29,67.55,67.84,67.17,67.48,403100
2016-11-28,67.57,67.8,67.2,67.4,547800
2016-11-25,67.99,68.01,67.18,67.91,220900
2016-11-23,67.93,68.31,67.21,67.7,648100
2016-11-22,67.93,68.2,67.54,68.0,545500
2016-11-21,67.68,68.32,67.04,67.93,595800
2016-11-18,68.04,68.6,67.08,67.32,637800
2016-11-17,67.66,68.61,67.63,68.28,600200
2016-11-16,68.79,68.79,67.52,67.57,575400
2016-11-15,68.6,68.94,68.11,68.77,887500
2016-11-14,69.38,69.44,68.39,68.59,1245600
2016-11-11,68.95,69.9,68.95,69.31,1187900
2016-11-10,67.28,69.95,67.07,69.11,1358700
2016-11-09,64.32,67.26,64.31,66.75,1052600
2016-11-08,65.31,65.97,64.9,65.71,429900
2016-11-07,64.76,65.48,64.53,65.42,713500
2016-11-04,63.48,64.69,63.31,63.64,1692900
2016-11-03,63.4,63.88,63.07,63.29,835200
2016-11-02,63.32,63.81,62.97,63.35,1169800
2016-11-01,63.91,64.5,62.92,63.46,2094600
2016-10-31,63.56,64.29,63.56,63.84,1601000
2016-10-28,62.65,64.75,62.65,63.59,1198500
2016-10-27,64.16,64.51,61.47,62.84,2817500
2016-10-26,65.43,65.74,65.09,65.59,1537000
2016-10-25,67.56,67.56,65.43,65.52,822000
2016-10-24,67.69,68.19,67.53,67.76,619000
2016-10-21,66.66,67.26,65.83,67.18,759300
2016-10-20,67.19,67.62,66.47,67.28,551600
2016-10-19,67.93,68.0,67.17,67.2,613900
2016-10-18,68.99,68.99,67.81,67.9,632600
2016-10-17,68.33,69.5,68.08,68.34,690500
2016-10-14,67.02,68.24,66.93,67.69,839700
2016-10-13,66.43,66.75,65.85,66.54,296100
2016-10-12,66.28,67.26,66.13,67.03,510100
2016-10-11,67.0,67.23,65.62,66.23,686100
2016-10-10,67.11,67.64,66.98,67.28,591400
2016-10-07,68.16,68.16,66.62,66.88,642000
2016-10-06,67.6,68.11,67.23,67.95,488900
2016-10-05,67.77,67.86,66.85,67.55,854600
2016-10-04,68.21,68.45,67.2,67.38,601700
2016-10-03,68.66,69.1,68.16,68.17,646800
2016-09-30,68.44,69.4,67.97,68.91,1014700
2016-09-29,69.19,69.47,67.77,68.26,671200
2016-09-28,69.05,69.42,68.49,69.41,366000
2016-09-27,68.19,68.96,68.14,68.94,279700
2016-09-26,68.42,68.61,67.74,68.25,204100
2016-09-23,69.05,69.05,68.42,68.67,340600
2016-09-22,68.56,69.38,68.56,69.05,725900
2016-09-21,67.71,68.03,66.77,67.88,508900
2016-09-20,67.74,67.85,67.06,67.36,494300
2016-09-19,66.25,67.73,66.1,67.37,1088100
2016-09-16,66.43,66.52,66.1,66.25,989800
2016-09-15,66.05,67.13,65.99,66.85,1714800
2016-09-14,66.65,66.98,65.83,66.09,749300
2016-09-13,66.57,67.04,66.19,66.58,620800
2016-09-12,66.73,67.64,66.71,67.38,1185200
2016-09-09,69.36,69.64,66.83,66.83,951400
2016-09-08,70.68,70.91,69.72,69.88,515800
2016-09-07,71.9,71.94,70.6,70.89,757300
2016-09-06,72.36,72.75,71.68,72.07,329300
2016-09-02,72.05,72.55,71.92,72.39,420400
2016-09-01,71.32,71.88,70.72,71.84,534400
2016-08-31,71.08,71.49,70.69,71.22,573900
2016-08-30,71.93,72.13,71.07,71.26,450500
2016-08-29,71.69,72.17,71.43,72.1,354700
2016-08-26,72.25,72.49,71.18,71.58,308500
2016-08-25,71.69,72.19,71.49,72.09,309800
2016-08-24,72.01,72.25,71.66,71.8,483800
2016-08-23,72.08,72.61,72.08,72.18,390100
2016-08-22,71.22,72.06,71.08,71.91,624900
2016-08-19,71.62,71.67,71.09,71.28,546800
2016-08-18,71.58,72.1,71.39,71.89,283400
2016-08-17,72.23,72.3,71.29,71.66,597800
2016-08-16,72.58,73.11,72.16,72.23,402000
2016-08-15,72.63,73.22,72.4,72.82,602800
2016-08-12,71.81,72.54,71.68,72.35,598100
2016-08-11,71.49,72.07,71.41,71.81,490000
2016-08-10,71.5,71.5,70.91,71.35,485200
2016-08-09,71.11,71.31,70.74,71.31,716100
2016-08-08,71.36,71.56,70.67,70.98,672500
2016-08-05,71.56,71.65,71.19,71.41,650800
2016-08-04,71.23,71.79,70.92,71.0,658500
2016-08-03,71.7,71.7,70.76,71.05,720700
2016-08-02,70.99,72.07,70.75,71.69,618300
2016-08-01,71.74,72.63,71.61,72.4,632700
2016-07-29,72.82,73.49,72.19,72.39,961500
2016-07-28,72.75,73.42,72.15,72.78,841100
2016-07-27,72.55,72.59,71.46,71.88,758600
2016-07-26,71.95,72.66,71.88,72.46,579300
2016-07-25,71.69,71.98,71.46,71.87,389800
2016-07-22,71.47,72.44,71.23,72.34,471000
2016-07-21,71.93,71.95,71.38,71.56,255000
2016-07-20,71.92,72.2,71.47,71.93,317900
2016-07-19,70.84,71.92,70.75,71.84,802400
2016-07-18,71.35,71.5,70.75,70.94,291400
2016-07-15,71.21,71.56,70.88,71.35,363000
2016-07-14,71.07,71.42,70.85,71.01,462500
2016-07-13,71.01,71.01,70.21,70.44,331600
2016-07-12,70.23,70.77,70.1,70.53,427700
2016-07-11,70.0,70.63,69.84,69.93,501800
2016-07-08,69.14,69.95,69.02,69.74,386400
2016-07-07,68.49,68.99,68.07,68.64,333100
2016-07-06,67.93,68.62,67.46,68.26,980800
2016-07-05,68.36,68.54,67.52,68.01,455800
2016-07-01,69.3,69.57,68.28,68.8,775000
2016-06-30,68.07,69.46,68.05,69.43,578300
2016-06-29,66.84,68.45,66.77,68.01,961500
2016-06-28,64.43,66.51,64.2,66.41,857600
2016-06-27,65.06,65.21,63.45,64.02,1188000
2016-06-24,66.86,67.93,65.66,65.72,1093700
2016-06-23,69.25,69.44,68.91,69.25,419700
2016-06-22,68.9,69.69,68.82,68.84,484800
2016-06-21,68.94,69.25,68.55,69.02,587500
2016-06-20,68.17,69.14,68.17,68.95,351200
2016-06-17,68.34,68.52,67.66,67.69,511300
2016-06-16,67.7,68.36,67.44,68.2,703900
2016-06-15,68.0,68.42,67.86,68.16,701500
2016-06-14,67.44,67.69,66.9,67.63,557100
2016-06-13,67.52,68.16,67.23,67.49,664700
2016-06-10,68.96,69.05,67.59,67.91,589100
2016-06-09,68.67,69.1,68.31,68.98,441900
2016-06-08,67.69,69.1,67.5,69.01,715400
2016-06-07,67.93,68.17,67.42,67.75,596600
2016-06-06,68.14,68.18,67.47,67.9,447700
2016-06-03,67.86,68.11,67.34,67.89,333500
2016-06-02,68.03,68.18,67.51,68.13,575400
2016-06-01,67.48,68.26,67.03,68.19,638100
2016-05-31,68.07,68.35,67.35,67.64,563700
2016-05-27,67.76,68.49,67.72,67.99,425500
2016-05-26,67.95,68.33,67.69,67.73,332000
2016-05-25,68.45,68.46,67.44,67.95,824900
2016-05-24,67.7,68.45,67.07,68.12,504500
2016-05-23,67.39,67.4,66.84,67.22,447400
2016-05-20,67.69,68.61,67.27,67.36,583100
2016-05-19,66.68,67.41,66.47,67.21,1227900
2016-05-18,66.73,67.45,66.22,67.18,720400
2016-05-17,66.43,67.11,65.97,66.83,1042100
2016-05-16,66.08,66.67,65.68,66.34,476100
2016-05-13,66.01,66.94,65.56,66.01,542600
2016-05-12,66.29,66.43,65.55,66.13,306900
2016-05-11,66.94,67.24,65.89,65.94,283900
2016-05-10,66.58,67.02,66.27,66.94,327500
2016-05-09,65.98,66.53,65.69,66.17,441700
2016-05-06,65.37,66.05,64.8,66.01,372400
2016-05-05,65.49,65.78,64.9,65.37,769500
2016-05-04,65.37,65.61,64.83,65.46,539000
2016-05-03,66.3,66.44,65.4,65.69,822800
2016-05-02,65.49,67.12,65.34,66.5,993300
2016-04-29,65.23,65.54,64.57,65.45,958100
2016-04-28,63.95,66.2,63.66,65.24,1756700
2016-04-27,65.85,66.91,65.47,66.83,994100
2016-04-26,65.0,65.76,64.88,65.67,778800
2016-04-25,64.31,64.74,63.93,64.7,534200
2016-04-22,63.33,64.29,63.26,64.24,557300
2016-04-21,63.95,64.38,63.14,63.24,359500
2016-04-20,63.99,64.22,63.58,63.91,350900
2016-04-19,64.35,64.59,63.75,63.88,457700
2016-04-18,63.51,64.56,63.5,64.25,315900
2016-04-15,63.58,63.83,63.32,63.77,340100
2016-04-14,64.22,64.27,63.51,63.7,463400
2016-04-13,63.64,64.33,63.35,64.28,746400
2016-04-12,63.44,63.99,63.13,63.41,574200
2016-04-11,64.55,64.72,63.29,63.41,577400
2016-04-08,64.53,64.76,63.91,64.06,429400
2016-04-07,65.99,65.99,63.77,63.97,1018900
2016-04-06,64.86,66.28,64.68,66.21,1143800
2016-04-05,64.55,65.22,64.07,64.7,979000
2016-04-04,65.37,65.84,64.67,64.86,453800
2016-04-01,63.47,65.5,63.08,65.38,933700
2016-03-31,63.8,64.29,63.46,63.71,521100
2016-03-30,63.82,63.94,63.04,63.84,471100
2016-03-29,63.41,63.81,62.96,63.64,589800
2016-03-28,63.33,63.53,62.93,63.37,313000
2016-03-24,63.23,63.38,62.69,63.14,448100
2016-03-23,64.07,64.07,63.22,63.36,454600
2016-03-22,64.16,64.46,63.95,64.22,536600
2016-03-21,64.26,64.74,63.97,64.49,701500
2016-03-18,64.68,65.36,64.49,64.56,865700
2016-03-17,63.63,64.52,63.15,64.37,596200
2016-03-16,63.34,64.1,63.03,63.76,486900
2016-03-15,63.66,64.15,63.41,63.64,463000
2016-03-14,63.23,64.47,63.23,64.17,569500
2016-03-11,63.78,63.96,63.35,63.75,440100
2016-03-10,63.55,64.11,62.63,63.1,579400
2016-03-09,63.43,63.68,62.87,63.32,479000
2016-03-08,63.08,63.36,62.43,62.95,972300
2016-03-07,63.59,63.96,62.98,63.49,913100
2016-03-04,64.83,65.0,63.84,63.94,836800
2016-03-03,64.57,64.98,64.22,64.84,695300
2016-03-02,64.59,64.98,64.05,64.64,674000
2016-03-01,63.58,64.91,63.32,64.83,1140800
2016-02-29,63.92,64.24,62.94,63.0,1127900
2016-02-26,64.0,64.5,63.13,63.88,748800
2016-02-25,62.72,63.87,60.6,63.8,912100
2016-02-24,60.45,62.77,60.01,62.63,1014800
2016-02-23,60.8,62.0,60.53,61.11,742900
2016-02-22,58.76,61.43,58.76,61.07,988400
2016-02-19,58.5,58.8,57.97,58.76,2485200
2016-02-18,59.09,59.4,58.38,58.59,987300
2016-02-17,58.9,59.55,58.43,58.81,1186300
2016-02-16,58.38,58.81,56.88,58.5,1177600
2016-02-12,58.09,58.87,57.17,57.5,1869100
2016-02-11,56.19,58.77,54.45,56.74,2540800
2016-02-10,54.81,56.52,54.41,54.85,1245900
2016-02-09,53.33,54.95,53.19,54.28,1425700
2016-02-08,55.38,55.88,52.95,53.77,2161000
2016-02-05,59.83,60.35,56.01,56.27,1627200
2016-02-04,59.32,60.97,59.22,59.8,542800
2016-02-03,59.39,59.49,57.7,59.38,897500
2016-02-02,59.95,59.95,58.31,58.73,1217300
2016-02-01,60.0,60.74,59.53,60.45,982600
2016-01-29,59.53,60.65,59.17,60.56,677700
2016-01-28,60.06,60.17,58.76,59.22,668100
2016-01-27,59.68,60.57,59.37,59.73,711800
2016-01-26,59.04,60.12,58.78,59.94,638000
2016-01-25,59.69,60.35,58.83,59.19,1114700
2016-01-22,58.15,60.13,58.13,59.96,1086900
2016-01-21,57.44,57.77,55.76,57.21,1152600
2016-01-20,57.55,58.04,55.53,57.41,1355200
2016-01-19,60.05,60.21,57.28,58.01,1000000
2016-01-15,60.42,60.42,56.66,58.68,1231500
2016-01-14,59.8,60.94,59.04,60.23,929400
2016-01-13,60.53,60.69,58.66,58.81,513400
2016-01-12,59.96,60.44,59.33,60.11,521100
2016-01-11,60.02,60.45,58.98,59.49,562700
2016-01-08,61.3,61.71,59.62,59.77,675700
2016-01-07,61.63,62.29,60.75,60.96,613600
2016-01-06,63.62,63.83,62.39,62.77,505500
2016-01-05,64.57,65.4,64.11,64.46,525600
2016-01-04,64.88,64.88,63.39,64.53,845000
2015-12-31,66.26,66.92,65.31,65.92,310900
2015-12-30,66.7,67.09,66.45,66.61,309900
2015-12-29,67.04,67.54,66.57,66.96,475300
2015-12-28,65.45,66.39,65.12,66.31,303800
2015-12-24,65.84,65.92,65.44,65.61,114200
2015-12-23,65.55,65.94,65.24,65.82,313400
2015-12-22,65.07,65.2,64.42,65.17,443500
2015-12-21,65.0,65.49,64.38,64.76,459400
2015-12-18,65.39,65.54,63.96,64.65,1609900
2015-12-17,66.48,66.48,65.6,65.62,586400
2015-12-16,65.97,66.66,65.42,66.46,611200
2015-12-15,65.21,65.73,64.94,65.43,582000
2015-12-14,64.53,64.97,63.64,64.91,813000
2015-12-11,64.74,65.44,64.43,64.59,518200
2015-12-10,65.18,65.92,64.99,65.39,571200
2015-12-09,65.14,66.37,64.97,65.18,577500
2015-12-08,65.64,66.5,65.42,65.85,464800
2015-12-07,66.97,67.15,66.36,66.39,534400
2015-12-04,66.35,67.48,65.88,67.12,660700
2015-12-03,67.4,67.4,65.41,66.1,578200
2015-12-02,67.9,68.08,67.03,67.31,643400
2015-12-01,67.34,68.08,67.25,68.03,899000
2015-11-30,67.27,67.99,67.01,67.21,1311700
2015-11-27,66.49,67.28,66.4,67.13,274600
2015-11-25,65.5,66.67,65.18,66.4,634300
2015-11-24,65.47,65.47,64.54,65.18,988900
2015-11-23,66.64,66.83,65.45,65.69,777600
2015-11-20,66.82,67.0,66.24,66.51,2377900
2015-11-19,65.9,66.76,65.43,66.68,1700800
2015-11-18,65.17,65.9,64.67,65.85,1059700
2015-11-17,65.0,65.14,64.34,64.59,846200
2015-11-16,63.99,64.88,63.59,64.72,778000
2015-11-13,64.63,65.02,63.66,63.69,650300
2015-11-12,64.5,65.1,64.25,64.68,1038300
2015-11-11,63.58,65.07,63.34,65.01,747400
2015-11-10,63.62,63.79,62.77,63.33,839500
2015-11-09,64.22,64.24,63.02,63.68,782700
2015-11-06,64.08,64.54,63.27,64.27,855900
2015-11-05,63.98,64.5,63.67,64.16,1010500
2015-11-04,64.46,65.36,64.46,64.7,1181900
2015-11-03,66.5,66.5,65.15,65.33,877300
2015-11-02,65.18,66.84,64.9,66.75,936900
2015-10-30,64.59,65.66,63.96,65.17,1029100
2015-10-29,67.5,67.5,62.64,64.51,1801600
2015-10-28,64.58,65.34,63.61,65.2,1158000
2015-10-27,63.81,64.5,63.74,64.5,1020500
2015-10-26,63.77,64.12,63.15,64.07,436500
2015-10-23,64.38,64.43,63.6,63.73,1077000
2015-10-22,61.52,64.38,61.4,64.0,1248300
2015-10-21,62.34,62.49,61.09,61.27,384300
2015-10-20,59.94,62.9,59.94,61.99,924500
2015-10-19,60.03,60.31,59.44,59.98,513500
2015-10-16,60.59,60.95,60.11,60.32,697000
2015-10-15,59.22,60.61,58.73,60.34,745700
2015-10-14,58.81,59.3,58.26,58.83,630000
2015-10-13,58.9,59.52,58.33,58.86,531400
2015-10-12,59.69,59.89,58.99,59.14,421300
2015-10-09,59.81,60.43,59.39,59.67,500600
2015-10-08,59.39,59.88,58.89,59.74,518600
2015-10-07,58.87,59.69,58.78,59.64,617300
2015-10-06,59.15,59.68,58.36,58.65,600700
2015-10-05,58.45,59.65,58.41,59.01,514900
2015-10-02,57.98,58.1,57.05,58.08,692600
2015-10-01,57.95,58.59,57.07,58.56,704800
2015-09-30,56.52,57.74,56.31,57.66,575300
2015-09-29,57.23,57.41,55.62,56.07,639400
2015-09-28,59.38,59.38,56.75,57.26,695400
2015-09-25,60.53,60.6,59.52,59.64,570300
2015-09-24,60.1,60.3,59.45,60.18,304800
2015-09-23,60.6,60.67,60.06,60.59,474600
2015-09-22,61.07,61.26,60.14,60.37,394300
2015-09-21,61.45,61.93,61.13,61.72,396900
2015-09-18,61.4,61.98,61.0,61.12,761800
2015-09-17,61.71,62.82,61.47,62.04,550700
2015-09-16,61.49,62.08,61.08,61.81,422600
2015-09-15,60.93,61.81,60.54,61.64,397600
2015-09-14,60.44,60.76,60.16,60.72,385100
2015-09-11,59.92,60.67,59.58,60.63,271500
2015-09-10,60.08,60.77,59.59,60.3,426200
2015-09-09,60.83,61.19,60.08,60.2,613500
2015-09-08,59.69,60.39,59.11,60.36,301200
2015-09-04,59.05,59.25,58.27,58.72,421400
2015-09-03,59.41,60.45,58.53,59.79,569200
2015-09-02,59.22,59.32,58.34,59.32,346100
2015-09-01,57.17,58.78,57.17,58.56,755700
2015-08-31,59.96,60.22,59.34,59.61,400300
2015-08-28,60.48,60.8,59.74,60.27,619300
2015-08-27,59.49,60.78,59.17,60.51,680100
2015-08-26,58.29,59.09,57.12,59.02,986000
2015-08-25,59.75,59.91,56.88,56.95,932100
2015-08-24,56.88,59.42,54.34,58.56,1387800
2015-08-21,62.15,62.15,60.37,60.38,469200
2015-08-20,63.55,63.65,62.56,62.6,667200
2015-08-19,64.05,64.42,63.66,64.23,458800
2015-08-18,64.67,64.86,63.24,64.57,634000
2015-08-17,63.56,64.7,62.98,64.68,445200
2015-08-14,63.25,63.63,63.04,63.6,157800
2015-08-13,62.95,63.47,62.58,63.29,325200
2015-08-12,62.8,63.08,61.9,63.07,392400
2015-08-11,62.88,63.19,62.72,63.16,320100
2015-08-10,63.05,63.53,62.89,63.38,304900
2015-08-07,62.24,62.7,61.85,62.67,398200
2015-08-06,62.89,62.93,61.91,62.29,428500
2015-08-05,63.31,63.67,62.58,62.88,551100
2015-08-04,62.8,63.06,62.44,62.63,429500
2015-08-03,63.22,63.31,62.38,62.69,543400
2015-07-31,63.68,63.94,63.06,63.22,646600
2015-07-30,63.9,66.05,61.56,63.2,1392300
2015-07-29,62.56,63.86,62.56,63.75,805300
2015-07-28,61.32,62.85,61.21,62.39,966300
2015-07-27,61.13,61.56,60.61,61.2,1057600
2015-07-24,61.31,61.86,61.05,61.43,728400
2015-07-23,61.36,61.8,60.94,61.08,572900
2015-07-22,60.76,61.48,60.68,61.07,376400
2015-07-21,61.59,61.73,60.67,60.82,355500
2015-07-20,61.41,61.79,61.15,61.67,309300
2015-07-17,61.09,61.94,61.09,61.39,787000
2015-07-16,61.19,61.42,60.97,61.27,339400
2015-07-15,61.38,61.85,60.6,60.89,453100
2015-07-14,61.02,61.63,60.75,61.52,361700
2015-07-13,60.75,61.06,60.39,60.99,615200
2015-07-10,59.83,60.44,59.65,60.27,753800
2015-07-09,59.25,59.65,59.09,59.19,593100
2015-07-08,59.29,59.44,58.43,58.48,477200
2015-07-07,59.73,59.73,58.68,59.65,876400
2015-07-06,59.48,60.13,59.09,59.56,340900
2015-07-02,60.5,60.59,59.64,59.77,308500
2015-07-01,60.73,60.81,60.08,60.21,612300
2015-06-30,60.49,61.02,60.01,60.14,617900
2015-06-29,61.51,61.64,59.8,59.9,525600
2015-06-26,61.82,62.04,61.53,61.63,256900
2015-06-25,62.05,62.63,61.64,61.73,229700
2015-06-24,62.28,62.8,61.77,62.05,508700
2015-06-23,62.02,62.58,61.77,62.08,425800
2015-06-22,62.0,62.46,61.71,62.08,275300
2015-06-19,61.37,62.01,61.04,61.67,647000
2015-06-18,61.27,61.92,61.12,61.41,335800
2015-06-17,60.82,61.24,60.21,61.17,352200
2015-06-16,60.63,60.98,60.29,60.61,320500
2015-06-15,60.85,61.1,60.33,60.86,431300
2015-06-12,61.53,61.97,60.97,61.1,276600
2015-06-11,61.82,62.25,61.53,61.65,344900
2015-06-10,61.02,61.94,61.02,61.62,336000
2015-06-09,61.34,61.34,60.73,60.95,415300
2015-06-08,61.73,62.09,61.39,61.4,235000
2015-06-05,61.65,62.04,61.11,61.9,314300
2015-06-04,62.25,62.66,61.74,61.83,223800
2015-06-03,62.37,63.04,61.8,62.81,458300
2015-06-02,62.0,62.7,61.69,62.39,271400
2015-06-01,62.47,62.47,61.89,62.04,357600
2015-05-29,62.01,62.97,61.87,62.44,675900
2015-05-28,61.61,61.97,61.36,61.94,376200
2015-05-27,61.32,61.92,60.93,61.82,286200
2015-05-26,61.22,61.37,60.66,60.89,375400
2015-05-22,61.4,61.78,60.99,61.26,252700
2015-05-21,61.71,61.77,61.19,61.4,579900
2015-05-20,62.02,62.02,61.4,61.54,480700
2015-05-19,62.1,62.99,61.79,61.83,546400
2015-05-18,61.82,62.12,61.57,61.89,691200
2015-05-15,61.83,62.04,61.42,61.79,890700
2015-05-14,62.2,62.2,61.76,61.87,587900
2015-05-13,61.75,62.29,61.6,61.74,621200
2015-05-12,62.87,63.08,61.55,61.78,565200
2015-05-11,62.37,63.42,62.37,63.18,1367300
2015-05-08,62.0,62.53,61.66,62.38,874400
2015-05-07,61.07,62.0,60.82,61.49,1243500
2015-05-06,61.64,61.85,60.93,61.28,531600
2015-05-05,61.92,62.36,61.35,61.5,577100
2015-05-04,61.1,62.36,61.1,62.25,672200
2015-05-01,60.62,61.81,60.18,61.45,1464200
2015-04-30,61.05,62.54,60.9,61.15,2075800
2015-04-29,60.65,60.7,60.06,60.55,560600
2015-04-28,60.4,61.1,60.24,60.81,950300
2015-04-27,60.97,61.45,60.5,60.59,793100
2015-04-24,59.69,61.08,59.63,60.96,873500
2015-04-23,60.07,60.18,59.53,59.74,1013000
2015-04-22,59.87,60.48,59.72,60.36,485400
2015-04-21,59.69,59.93,59.33,59.81,326600
2015-04-20,59.2,59.68,59.08,59.31,403300
2015-04-17,59.72,59.72,58.78,59.1,462000
2015-04-16,60.38,60.47,59.7,60.16,350400
2015-04-15,60.02,60.61,60.02,60.49,443500
2015-04-14,60.32,60.68,59.6,59.97,681000
2015-04-13,61.17,61.58,60.25,60.28,438800
2015-04-10,61.52,61.72,60.87,61.24,559800
2015-04-09,61.7,61.8,61.14,61.44,425500
2015-04-08,61.53,61.73,61.18,61.69,512100
2015-04-07,61.4,61.71,61.28,61.57,398800
2015-04-06,61.18,62.16,61.03,61.65,653400
2015-04-02,61.15,61.71,60.94,61.45,275700
2015-04-01,60.98,61.33,60.79,61.08,443500
2015-03-31,61.5,61.93,61.05,61.17,428200
2015-03-30,61.4,61.97,61.4,61.91,457400
2015-03-27,60.49,61.3,60.16,61.23,912800
2015-03-26,60.3,60.67,59.98,60.51,554100
2015-03-25,60.84,61.23,60.14,60.31,652900
2015-03-24,60.74,61.4,60.38,60.9,529500
2015-03-23,61.24,61.7,60.81,60.9,685900
2015-03-20,60.41,61.22,60.23,61.14,923000
2015-03-19,59.86,60.04,59.29,60.01,599900
2015-03-18,58.29,60.1,58.06,59.84,634800
2015-03-17,58.21,58.74,58.04,58.34,446100
2015-03-16,58.51,58.77,58.01,58.74,494300
2015-03-13,58.09,58.67,57.8,58.16,562300
2015-03-12,57.93,58.52,57.93,58.4,420900
2015-03-11,57.7,58.26,57.58,57.91,559900
2015-03-10,57.69,58.01,57.11,57.61,491100
2015-03-09,57.41,58.14,57.4,57.99,342800
2015-03-06,57.69,57.98,57.36,57.45,413900
2015-03-05,58.48,58.48,57.8,58.11,480000
2015-03-04,58.65,58.84,57.98,58.45,940000
2015-03-03,58.44,58.82,58.05,58.5,612000
2015-03-02,57.77,58.91,57.64,58.82,694300
2015-02-27,58.21,58.54,57.69,57.73,342900
2015-02-26,58.74,58.77,58.03,58.29,507200
2015-02-25,58.48,59.07,58.16,58.55,626000
2015-02-24,58.11,58.79,57.9,58.4,526600
2015-02-23,58.36,58.72,57.93,58.34,769700
2015-02-20,57.44,58.72,56.98,58.6,980200
2015-02-19,55.94,57.86,55.79,57.62,1670200
2015-02-18,56.88,57.43,55.13,56.0,1721100
2015-02-17,58.79,59.5,58.39,58.56,1336700
2015-02-13,57.72,58.82,57.19,58.66,746300
2015-02-12,57.14,57.89,56.85,57.76,723800
2015-02-11,56.94,57.21,56.39,56.72,860000
2015-02-10,57.22,57.35,56.26,56.88,527400
2015-02-09,57.54,58.1,56.88,56.91,730300
2015-02-06,57.22,57.8,57.01,57.55,977400
2015-02-05,55.75,57.06,55.75,57.0,627800
2015-02-04,55.03,55.97,54.97,55.63,578300
2015-02-03,54.94,55.43,54.7,55.05,429400
2015-02-02,54.3,54.53,53.43,54.49,1213600
2015-01-30,54.52,54.92,53.88,54.01,591800
2015-01-29,54.15,54.9,53.71,54.79,456600
2015-01-28,54.3,55.16,53.91,54.35,695100
2015-01-27,53.2,54.04,53.07,53.8,476800
2015-01-26,54.76,54.83,53.77,53.91,702600
2015-01-23,54.31,55.0,54.31,54.48,403700
2015-01-22,53.12,54.43,52.9,54.36,894200
2015-01-21,52.58,53.45,52.33,52.92,1614200
2015-01-20,53.44,53.92,52.59,52.79,1137400
2015-01-16,53.84,54.35,53.17,53.37,2678200
2015-01-15,55.55,55.66,53.35,53.8,1114300
2015-01-14,54.57,55.39,54.18,55.33,544200
2015-01-13,55.3,56.46,54.45,55.1,520200
2015-01-12,55.94,55.99,54.85,54.99,336600
2015-01-09,56.11,56.33,55.79,55.88,541000
2015-01-08,55.71,56.38,55.18,56.35,893900
2015-01-07,55.09,56.0,54.81,55.6,718400
2015-01-06,55.0,55.16,54.08,54.85,1337500
2015-01-05,54.73,55.24,54.56,54.94,534600
2015-01-02,55.49,55.6,53.97,55.05,668800
2014-12-31,55.87,56.05,55.25,55.46,564100
2014-12-30,55.69,55.89,55.41,55.66,448600
2014-12-29,55.54,56.06,55.29,55.91,340600
2014-12-26,55.77,56.0,55.58,55.65,193000
2014-12-24,55.81,55.9,55.4,55.73,134000
2014-12-23,55.61,55.86,55.4,55.68,362700
2014-12-22,54.98,55.61,54.77,55.61,277900
2014-12-19,55.38,55.39,54.65,54.99,686900
2014-12-18,54.81,54.98,54.28,54.95,504700
2014-12-17,53.54,54.21,53.0,54.11,418500
2014-12-16,53.6,54.1,52.96,53.43,1016300
2014-12-15,54.0,54.41,53.35,53.7,452600
2014-12-12,53.69,54.14,53.62,53.81,592700
2014-12-11,54.07,54.97,53.58,54.19,394800
2014-12-10,54.69,55.1,53.97,54.15,464300
2014-12-09,54.03,55.08,53.86,55.0,423800
2014-12-08,55.56,55.91,54.6,54.91,601500
2014-12-05,54.81,55.61,54.59,55.55,861100
2014-12-04,54.72,54.99,54.4,54.59,570900
2014-12-03,54.56,55.08,54.41,54.69,1397500
2014-12-02,53.79,54.42,53.64,54.36,316000
2014-12-01,53.79,53.98,53.25,53.7,467000
2014-11-28,53.09,54.16,53.09,53.85,343200
2014-11-26,53.6,53.8,52.9,53.06,537700
2014-11-25,53.94,53.97,53.28,53.57,453300
2014-11-24,54.25,54.49,53.88,53.95,482200
2014-11-21,54.8,54.88,54.02,54.2,488700
2014-11-20,53.62,54.36,53.52,54.09,220800
2014-11-19,53.94,54.32,53.54,54.0,758000
2014-11-18,52.91,54.05,52.68,53.87,629300
2014-11-17,52.19,52.92,52.11,52.84,529600
2014-11-14,52.0,52.51,51.79,52.27,372900
2014-11-13,52.57,52.68,51.88,52.12,375500
2014-11-12,52.31,52.67,52.01,52.5,631100
2014-11-11,52.81,53.39,52.37,52.52,582100
2014-11-10,53.11,53.11,52.57,52.68,562600
2014-11-07,53.44,53.56,52.9,52.96,1249500
2014-11-06,53.33,53.51,52.87,53.42,1041500
2014-11-05,53.43,53.58,52.74,53.05,539900
2014-11-04,53.39,53.84,53.09,53.12,1120800
2014-11-03,53.16,53.59,52.91,53.43,811100
2014-10-31,53.62,54.57,52.87,53.09,2535400
2014-10-30,50.18,53.05,49.24,52.64,1203500
2014-10-29,50.51,51.37,49.66,50.29,1184500
2014-10-28,49.42,50.25,49.08,50.2,730600
2014-10-27,48.87,49.31,48.55,49.15,584000
2014-10-24,48.49,49.17,48.07,49.12,414700
2014-10-23,47.7,48.78,47.26,48.45,733300
2014-10-22,48.24,48.51,47.0,47.1,696000
2014-10-21,47.17,48.47,47.17,48.23,657200
2014-10-20,46.58,47.17,46.57,46.9,602400
2014-10-17,46.73,47.57,46.32,46.75,756800
2014-10-16,44.63,46.5,44.22,46.33,696500
2014-10-15,44.56,46.0,43.81,45.72,1284600
2014-10-14,45.51,45.89,44.82,45.06,976900
2014-10-13,46.22,46.48,45.28,45.32,824500
2014-10-10,46.58,46.97,46.2,46.25,776400
2014-10-09,47.39,47.39,46.54,46.7,617300
2014-10-08,46.54,47.28,45.85,47.24,1061700
2014-10-07,48.37,48.37,46.58,46.59,691600
2014-10-06,49.2,49.47,48.47,48.59,750300
2014-10-03,48.83,49.21,48.58,49.14,968600
2014-10-02,47.68,48.07,47.37,47.87,2127100
2014-10-01,47.44,48.0,46.88,47.77,1083800
2014-09-30,47.9,48.0,47.31,47.64,1371500
2014-09-29,48.02,48.54,47.79,48.0,900800
2014-09-26,48.25,48.53,48.19,48.4,664800
2014-09-25,48.77,49.0,48.06,48.21,604800
2014-09-24,48.9,49.21,48.81,49.0,470900
2014-09-23,49.05,49.47,48.54,48.92,760000
2014-09-22,49.66,49.82,49.17,49.2,829600
2014-09-19,50.88,50.88,47.47,49.86,1925100
2014-09-18,51.23,51.23,50.52,50.62,551200
2014-09-17,51.16,52.25,50.91,51.06,610400
2014-09-16,50.72,51.41,50.58,51.1,671700
2014-09-15,50.73,50.9,50.08,50.8,818700
2014-09-12,51.83,51.9,50.71,50.87,811300
2014-09-11,51.79,52.52,51.77,52.06,472200
2014-09-10,51.63,52.16,51.25,51.95,620400
2014-09-09,52.16,52.49,51.51,51.74,533300
2014-09-08,52.31,52.62,52.06,52.22,477300
2014-09-05,52.47,52.65,51.91,52.48,517700
2014-09-04,52.28,52.84,52.07,52.33,411300
2014-09-03,52.64,52.88,51.98,52.19,393900
2014-09-02,51.53,52.3,51.46,52.27,661900
2014-08-29,51.55,51.75,51.24,51.43,372000
2014-08-28,51.73,51.79,51.21,51.55,438400
2014-08-27,52.26,52.26,51.65,52.01,281200
2014-08-26,52.47,52.58,52.09,52.38,291400
2014-08-25,52.22,52.56,51.91,52.47,276100
2014-08-22,52.05,52.12,51.74,51.97,399800
2014-08-21,52.63,52.77,52.11,52.14,249600
2014-08-20,52.63,52.91,52.27,52.52,332400
2014-08-19,52.8,53.41,52.23,52.61,513600
2014-08-18,52.51,53.2,52.17,52.64,325400
2014-08-15,52.33,52.93,51.83,52.26,755500
2014-08-14,52.23,52.36,51.67,52.02,626600
2014-08-13,51.06,52.28,51.06,52.24,708300
2014-08-12,50.29,51.12,50.28,50.96,712200
2014-08-11,50.76,51.03,50.28,50.36,342200
2014-08-08,49.92,50.72,49.92,50.61,850400
2014-08-07,50.5,50.63,49.6,49.87,622300
2014-08-06,49.3,50.23,48.83,50.12,1078300
2014-08-05,50.14,50.93,49.8,50.4,668400
2014-08-04,50.59,51.77,49.97,50.12,956900
2014-08-01,51.43,51.48,49.59,50.36,903900
2014-07-31,50.9,52.73,49.93,51.43,1583400
2014-07-30,52.55,53.96,52.43,53.66,799300
2014-07-29,53.52,53.86,52.42,52.45,582000
2014-07-28,55.1,55.11,53.32,53.57,513200
2014-07-25,54.63,55.25,54.39,55.1,473700
2014-07-24,54.42,55.46,54.29,54.97,412400
2014-07-23,54.92,55.09,54.1,54.45,362800
2014-07-22,55.15,55.58,54.71,54.9,242000
2014-07-21,54.79,55.05,54.56,54.76,265900
2014-07-18,54.35,55.01,54.11,54.89,300700
2014-07-17,55.05,55.17,54.18,54.27,408600
2014-07-16,55.79,56.11,55.14,55.43,417400
2014-07-15,55.85,56.19,55.28,55.61,306800
2014-07-14,56.1,56.57,55.62,55.98,426400
2014-07-11,55.67,56.45,55.44,56.03,269000
2014-07-10,54.85,55.88,54.62,55.6,496000
2014-07-09,55.5,56.03,55.36,55.61,342800
2014-07-08,56.04,56.04,54.99,55.51,424300
2014-07-07,57.04,57.04,55.94,56.04,274700
2014-07-03,57.46,57.74,57.02,57.16,138700
2014-07-02,57.0,57.87,57.0,57.37,484600
2014-07-01,56.77,57.46,56.77,57.06,424500
2014-06-30,55.52,56.75,55.42,56.68,609900
2014-06-27,56.45,56.45,55.52,55.58,1105000
2014-06-26,56.72,56.78,56.17,56.32,336500
2014-06-25,56.62,56.83,56.04,56.69,503900
2014-06-24,57.3,57.57,56.49,56.68,580300
2014-06-23,57.72,58.29,57.43,57.56,384500
2014-06-20,57.14,57.78,56.88,57.62,1265000
2014-06-19,57.33,57.74,56.04,57.27,875800
2014-06-18,57.23,57.5,57.05,57.34,1901900
2014-06-17,56.88,57.66,56.1,57.25,1436700
2014-06-16,55.93,57.36,55.84,57.13,634300
2014-06-13,56.26,56.26,55.9,56.09,545100
2014-06-12,56.18,56.56,55.89,56.12,1780200
2014-06-11,56.4,56.42,55.98,56.34,625600
2014-06-10,56.24,56.75,55.95,56.73,618100
2014-06-09,55.97,56.81,55.62,56.35,850400
2014-06-06,54.43,56.09,54.37,55.83,965400
2014-06-05,53.2,54.34,52.9,54.31,608900
2014-06-04,52.27,53.31,52.23,53.15,621100
2014-06-03,51.3,52.74,51.3,52.41,451900
2014-06-02,52.77,52.77,52.04,52.07,646500
2014-05-30,53.49,53.51,52.33,52.39,400300
2014-05-29,52.94,53.86,52.94,53.52,815600
2014-05-28,52.62,53.26,52.46,52.94,523700
2014-05-27,52.49,52.84,52.33,52.47,331600
2014-05-23,51.73,52.59,51.33,52.46,451800
2014-05-22,50.65,51.84,50.32,51.49,501100
2014-05-21,50.52,51.03,50.4,50.71,338500
2014-05-20,49.87,50.54,49.75,50.5,1543600
2014-05-19,49.3,50.36,49.27,50.21,653500
2014-05-16,48.32,49.43,48.15,49.28,719500
2014-05-15,49.52,49.74,47.98,48.29,738400
2014-05-14,50.3,50.43,49.74,49.79,470700
2014-05-13,50.5,50.72,50.33,50.48,638700
2014-05-12,50.05,50.84,50.05,50.48,586100
2014-05-09,49.2,50.16,48.67,50.0,489100
2014-05-08,49.6,50.4,49.11,49.36,530600
2014-05-07,49.89,50.32,49.34,49.93,598000
2014-05-06,49.95,50.16,49.55,49.89,596000
2014-05-05,50.28,50.52,49.57,50.06,413800
2014-05-02,51.18,51.74,50.25,50.7,479000
2014-05-01,51.0,51.86,49.48,51.25,722100
2014-04-30,49.0,49.46,48.44,49.35,481100
2014-04-29,48.96,49.43,48.46,48.9,442000
2014-04-28,49.84,50.08,48.45,48.82,605400
2014-04-25,49.95,50.39,49.37,49.54,290300
2014-04-24,50.62,50.78,49.72,50.24,659800
2014-04-23,50.89,50.96,49.98,50.4,507800
2014-04-22,50.71,51.15,50.36,51.0,422500
2014-04-21,49.98,50.65,49.6,50.63,225700
2014-04-17,50.07,50.54,49.43,50.15,427200
2014-04-16,50.16,50.72,49.84,50.23,254000
2014-04-15,49.88,50.43,48.93,49.96,419300
2014-04-14,50.28,50.61,49.18,49.77,605900
2014-04-11,50.53,50.9,49.86,50.01,1184600
2014-04-10,51.52,51.79,50.12,50.68,1488500
2014-04-09,51.46,51.59,51.23,51.5,1212800
2014-04-08,51.34,51.78,50.81,51.41,1213700
2014-04-07,53.71,54.0,51.53,51.62,1054200
2014-04-04,54.82,55.35,53.0,53.73,492000
2014-04-03,54.77,55.0,54.58,54.95,427900
2014-04-02,53.92,54.81,53.59,54.67,500500
2014-04-01,52.44,54.06,52.29,53.92,593600
2014-03-31,52.38,52.58,51.91,52.17,334600
2014-03-28,51.62,52.44,51.54,52.16,346100
2014-03-27,51.87,51.97,51.19,51.45,492900
2014-03-26,53.32,53.5,52.01,52.04,691100
2014-03-25,53.7,53.9,53.17,53.21,708000
2014-03-24,54.0,54.23,53.04,53.47,895600
2014-03-21,54.38,54.81,53.74,53.81,1356800
2014-03-20,53.41,54.22,52.82,54.17,628100
2014-03-19,53.18,54.0,52.92,53.28,645000
2014-03-18,52.95,53.49,52.71,53.28,880800
2014-03-17,53.44,53.83,52.93,52.96,1011700
2014-03-14,53.62,53.95,53.25,53.3,1071800
2014-03-13,54.46,54.71,53.13,53.6,946400
2014-03-12,54.42,54.74,52.77,54.28,1255500
2014-03-11,53.49,54.8,53.45,54.5,874700
2014-03-10,53.2,53.67,52.24,53.29,1155300
2014-03-07,53.44,53.78,52.59,53.39,776100
2014-03-06,53.99,54.1,53.04,53.19,617400
2014-03-05,53.9,54.31,53.38,53.95,395000
2014-03-04,53.71,55.0,53.48,54.0,1189900
2014-03-03,54.67,54.93,53.08,53.49,659600
2014-02-28,55.09,55.32,53.82,54.35,1198500
2014-02-27,54.69,55.53,54.21,55.35,1139900
2014-02-26,54.83,55.78,54.18,54.66,1880100
2014-02-25,53.0,54.58,52.93,54.56,1117600
2014-02-24,52.36,53.11,52.36,52.86,667900
2014-02-21,51.75,52.79,51.75,52.37,2198700
2014-02-20,50.23,52.78,49.1,51.52,2623600
2014-02-19,49.84,50.34,49.03,49.16,1076100
2014-02-18,49.72,50.86,49.72,50.11,2748500
2014-02-14,50.15,50.25,49.59,49.63,891700
2014-02-13,49.98,50.44,49.59,50.12,695000
2014-02-12,49.92,51.0,49.73,50.0,1405300
2014-02-11,49.73,50.41,49.33,49.89,1446100
2014-02-10,49.99,50.12,49.45,49.84,763400
2014-02-07,49.33,50.27,49.33,49.94,1837500
2014-02-06,47.5,49.27,47.5,49.24,1168400
2014-02-05,47.84,48.65,47.15,47.6,823100
2014-02-04,47.44,48.48,47.32,48.05,891300
2014-02-03,49.35,49.94,47.2,47.44,1184800
2014-01-31,49.25,49.96,49.03,49.35,2011100
2014-01-30,47.91,49.63,47.83,49.42,1247100
2014-01-29,47.35,48.48,47.13,47.78,800900
2014-01-28,46.77,47.88,46.77,47.73,721700
2014-01-27,45.2,48.0,45.2,46.6,717800
2014-01-24,47.62,47.71,45.83,46.84,1417500
2014-01-23,48.68,48.68,47.58,47.72,867600
2014-01-22,48.11,49.16,48.08,48.51,682200
2014-01-21,49.38,49.38,47.94,48.17,1570400
2014-01-17,47.52,48.24,47.0,48.0,1572100
2014-01-16,47.28,47.68,47.04,47.4,1178700
2014-01-15,47.97,49.19,47.26,47.5,1733000
2014-01-14,47.16,47.89,46.91,47.8,2338200
2014-01-13,45.7,47.44,45.2,47.04,2278500
2014-01-10,44.17,46.08,44.02,45.73,2008600
2014-01-09,43.89,44.25,43.84,44.13,1093500
2014-01-08,44.02,44.36,43.4,43.88,1407100
2014-01-07,42.16,43.98,42.16,43.87,1371300
2014-01-06,43.97,43.98,43.37,43.68,597800
2014-01-03,43.57,44.32,43.17,43.96,378400
2014-01-02,44.08,44.18,43.27,43.65,992900
2013-12-31,44.23,44.5,43.76,44.19,874200
2013-12-30,44.45,44.88,44.0,44.12,381500
2013-12-27,44.77,44.97,44.09,44.64,393300
2013-12-26,44.86,45.01,44.44,44.7,513200
2013-12-24,44.76,45.02,44.25,44.58,304700
2013-12-23,44.17,44.85,43.55,44.65,773600
2013-12-20,44.3,44.45,43.91,44.26,2878600
2013-12-19,43.96,44.5,43.82,44.45,593000
2013-12-18,43.65,44.5,43.1,44.27,1225200
2013-12-17,43.43,44.0,43.16,43.75,1396700
2013-12-16,43.01,43.99,42.11,43.69,1953900
2013-12-13,42.92,43.8,42.92,43.25,683800
2013-12-12,42.01,43.1,42.0,42.97,1770500
2013-12-11,42.32,43.02,42.0,42.46,3367300
2013-12-10,41.07,42.84,41.04,42.56,3289400
2013-12-09,40.7,41.27,40.24,41.18,3074000
2013-12-06,40.75,41.06,40.64,40.7,4662300
2013-12-05,42.28,42.28,40.63,41.05,3380500
2013-12-04,42.43,42.61,41.65,41.83,2777700
2013-12-03,42.8,44.85,42.7,42.9,3239300
2013-12-02,43.08,43.67,41.52,43.14,5130700
2013-11-29,42.75,43.85,42.75,43.24,949900
2013-11-27,43.55,43.55,42.5,43.24,1153300
2013-11-26,45.0,45.0,43.04,43.2,873700
2013-11-25,44.28,45.62,43.7,44.18,727300
2013-11-22,43.9,44.1,43.25,43.99,947600
2013-11-21,44.5,45.15,43.04,43.79,730200
2013-11-20,45.98,46.0,43.99,44.65,1106900
2013-11-19,48.99,49.0,45.3,45.8,1682000
2013-11-18,49.75,50.0,47.49,48.48,587100
